"urn","type","label","urn:p-lod:id:broader","urn:p-lod:id:wikidata-url"
"urn:p-lod:id:acanthus","urn:p-lod:id:concept","Acanthus","urn:p-lod:id:plant","http://www.wikidata.org/entity/Q158091"
"urn:p-lod:id:achilles","urn:p-lod:id:concept","Achilles","",""
"urn:p-lod:id:acroterion","urn:p-lod:id:concept","Acroterion","","http://www.wikidata.org/entity/Q421214"
"urn:p-lod:id:actaeon","urn:p-lod:id:concept","Actaeon","urn:p-lod:id:mythological_figure","http://www.wikidata.org/entity/Q208531"
"urn:p-lod:id:actor","urn:p-lod:id:concept","Actor","urn:p-lod:id:generic_human_figure",""
"urn:p-lod:id:admeto","urn:p-lod:id:concept","Admeto","",""
"urn:p-lod:id:admetus","urn:p-lod:id:concept","","",""
"urn:p-lod:id:adonis","urn:p-lod:id:concept","Adonis","urn:p-lod:id:mythological_figure","http://www.wikidata.org/entity/Q163920"
"urn:p-lod:id:aediculum","urn:p-lod:id:concept","Aediculum","","http://www.wikidata.org/entity/Q507286"
"urn:p-lod:id:aegis","urn:p-lod:id:concept","Aegis","",""
"urn:p-lod:id:aenas","urn:p-lod:id:concept","","",""
"urn:p-lod:id:aeneas","urn:p-lod:id:concept","Aeneas","urn:p-lod:id:mythological_figure","http://www.wikidata.org/entity/Q82732"
"urn:p-lod:id:aethra","urn:p-lod:id:concept","Aethra","",""
"urn:p-lod:id:agave","urn:p-lod:id:concept","","",""
"urn:p-lod:id:ajax","urn:p-lod:id:concept","Ajax","urn:p-lod:id:mythological_figure",""
"urn:p-lod:id:alabastron","urn:p-lod:id:concept","","",""
"urn:p-lod:id:alcestis","urn:p-lod:id:concept","Alcestis","urn:p-lod:id:mythological_figure",""
"urn:p-lod:id:alcmene","urn:p-lod:id:concept","Alcmene","urn:p-lod:id:mythological_figure",""
"urn:p-lod:id:alcove","urn:p-lod:id:concept","Alcove","","http://www.wikidata.org/entity/Q1067091"
"urn:p-lod:id:alemena","urn:p-lod:id:concept","","",""
"urn:p-lod:id:aloe","urn:p-lod:id:concept","Aloe","",""
"urn:p-lod:id:altar","urn:p-lod:id:concept","Altar","","http://www.wikidata.org/entity/Q101687"
"urn:p-lod:id:amazon","urn:p-lod:id:concept","Amazon","","http://www.wikidata.org/entity/Q134154"
"urn:p-lod:id:amor","urn:p-lod:id:concept","Amor","urn:p-lod:id:deity",""
"urn:p-lod:id:amphitrite","urn:p-lod:id:concept","","",""
"urn:p-lod:id:amphitryton","urn:p-lod:id:concept","","",""
"urn:p-lod:id:amphora","urn:p-lod:id:concept","Amphora","","http://www.wikidata.org/entity/Q178401"
"urn:p-lod:id:ampitheater","urn:p-lod:id:concept","Ampitheater","","http://www.wikidata.org/entity/Q7362268"
"urn:p-lod:id:amulet","urn:p-lod:id:concept","Amulet","",""
"urn:p-lod:id:amymone","urn:p-lod:id:concept","Amymone","",""
"urn:p-lod:id:anchor","urn:p-lod:id:concept","Anchor","",""
"urn:p-lod:id:andromeda","urn:p-lod:id:concept","Andromeda","urn:p-lod:id:mythological_figure",""
"urn:p-lod:id:anfitrione","urn:p-lod:id:concept","Anfitrione","",""
"urn:p-lod:id:animal","urn:p-lod:id:concept","Animal","","http://www.wikidata.org/entity/Q729"
"urn:p-lod:id:animal-skin","urn:p-lod:id:concept","Animal-skin","","http://www.wikidata.org/entity/Q3291230"
"urn:p-lod:id:animal_emblem","urn:p-lod:id:concept","Animal_emblem","","http://www.wikidata.org/entity/Q100989638"
"urn:p-lod:id:animals_(mythological)","urn:p-lod:id:concept","","",""
"urn:p-lod:id:ankh","urn:p-lod:id:concept","Ankh","","http://www.wikidata.org/entity/Q180439"
"urn:p-lod:id:anta","urn:p-lod:id:concept","Anta","","http://www.wikidata.org/entity/Q101659"
"urn:p-lod:id:antefix","urn:p-lod:id:concept","Antefix","",""
"urn:p-lod:id:antelope","urn:p-lod:id:concept","Antelope","urn:p-lod:id:animal",""
"urn:p-lod:id:antilope","urn:p-lod:id:concept","Antilope","","http://www.wikidata.org/entity/Q1416078"
"urn:p-lod:id:antiopa","urn:p-lod:id:concept","Antiopa","",""
"urn:p-lod:id:antiope","urn:p-lod:id:concept","Antiope","",""
"urn:p-lod:id:anvil","urn:p-lod:id:concept","Anvil","",""
"urn:p-lod:id:ape","urn:p-lod:id:concept","Ape","","http://www.wikidata.org/entity/Q102470"
"urn:p-lod:id:aphrodite","urn:p-lod:id:concept","Aphrodite","urn:p-lod:id:olympian_deity","http://www.wikidata.org/entity/Q35500"
"urn:p-lod:id:apis","urn:p-lod:id:concept","Apis","","http://www.wikidata.org/entity/Q208150"
"urn:p-lod:id:apollo","urn:p-lod:id:concept","Apollo","urn:p-lod:id:olympian_deity","http://www.wikidata.org/entity/Q37340"
"urn:p-lod:id:apotropiac_foul","urn:p-lod:id:concept","","",""
"urn:p-lod:id:apple","urn:p-lod:id:concept","Apple","urn:p-lod:id:fruit","http://www.wikidata.org/entity/Q89"
"urn:p-lod:id:apse","urn:p-lod:id:concept","Apse","","http://www.wikidata.org/entity/Q170463"
"urn:p-lod:id:aquaria_(assemblages_of_fish_in_water)","urn:p-lod:id:concept","Aquaria_(assemblages_of_fish_in_water)","",""
"urn:p-lod:id:aquatic_plant","urn:p-lod:id:concept","Aquatic_plant","",""
"urn:p-lod:id:aqueduct","urn:p-lod:id:concept","Aqueduct","urn:p-lod:id:architecture","http://www.wikidata.org/entity/Q474"
"urn:p-lod:id:arch","urn:p-lod:id:concept","Arch","urn:p-lod:id:architecture","http://www.wikidata.org/entity/Q12277"
"urn:p-lod:id:arched_opening","urn:p-lod:id:concept","Arched_opening","","http://www.wikidata.org/entity/Q12277"
"urn:p-lod:id:architecture","urn:p-lod:id:concept","Architecture","","http://www.wikidata.org/entity/Q12271"
"urn:p-lod:id:archway","urn:p-lod:id:concept","Archway","","http://www.wikidata.org/entity/Q40097962"
"urn:p-lod:id:ares","urn:p-lod:id:concept","Ares","urn:p-lod:id:olympian_deity","http://www.wikidata.org/entity/Q40901"
"urn:p-lod:id:argo","urn:p-lod:id:concept","Argo","urn:p-lod:id:mythological_figure",""
"urn:p-lod:id:argos","urn:p-lod:id:concept","","",""
"urn:p-lod:id:ariadne","urn:p-lod:id:concept","Ariadne","urn:p-lod:id:mythological_figure","http://www.wikidata.org/entity/Q184874"
"urn:p-lod:id:arimaspian","urn:p-lod:id:concept","Arimaspian","","http://www.wikidata.org/entity/Q661584"
"urn:p-lod:id:arion","urn:p-lod:id:concept","Arion","urn:p-lod:id:poet",""
"urn:p-lod:id:armor","urn:p-lod:id:concept","Armor","","http://www.wikidata.org/entity/Q20793164"
"urn:p-lod:id:arrow","urn:p-lod:id:concept","Arrow","",""
"urn:p-lod:id:artemis","urn:p-lod:id:concept","Artemis","urn:p-lod:id:olympian_deity","http://www.wikidata.org/entity/Q39503"
"urn:p-lod:id:artwork","urn:p-lod:id:concept","Artwork","",""
"urn:p-lod:id:ashlar_block","urn:p-lod:id:concept","Ashlar_block","",""
"urn:p-lod:id:askos","urn:p-lod:id:concept","Askos","","http://www.wikidata.org/entity/Q732286"
"urn:p-lod:id:atalanta","urn:p-lod:id:concept","Atalanta","",""
"urn:p-lod:id:atalante","urn:p-lod:id:concept","Atalante","",""
"urn:p-lod:id:athena","urn:p-lod:id:concept","Athena","urn:p-lod:id:olympian_deity",""
"urn:p-lod:id:athenian","urn:p-lod:id:concept","","",""
"urn:p-lod:id:athlete","urn:p-lod:id:concept","Athlete","urn:p-lod:id:generic_human_figure","http://www.wikidata.org/entity/Q2066131"
"urn:p-lod:id:atlanta","urn:p-lod:id:concept","","",""
"urn:p-lod:id:attis","urn:p-lod:id:concept","Attis","urn:p-lod:id:mythological_figure","http://www.wikidata.org/entity/Q262016"
"urn:p-lod:id:auge","urn:p-lod:id:concept","Auge","urn:p-lod:id:mythological_figure","http://www.wikidata.org/entity/Q760213"
"urn:p-lod:id:autumn","urn:p-lod:id:concept","Autumn","",""
"urn:p-lod:id:averne","urn:p-lod:id:concept","Averne","",""
"urn:p-lod:id:axe","urn:p-lod:id:concept","Axe","urn:p-lod:id:weapon","http://www.wikidata.org/entity/Q39397"
"urn:p-lod:id:bacchante","urn:p-lod:id:concept","Bacchante","","http://www.wikidata.org/entity/Q2878203"
"urn:p-lod:id:bacchus","urn:p-lod:id:concept","Bacchus","urn:p-lod:id:deity",""
"urn:p-lod:id:background","urn:p-lod:id:concept","Background","","http://www.wikidata.org/entity/Q13217555"
"urn:p-lod:id:bag","urn:p-lod:id:concept","Bag","",""
"urn:p-lod:id:balcony","urn:p-lod:id:concept","Balcony","",""
"urn:p-lod:id:ball","urn:p-lod:id:concept","Ball","",""
"urn:p-lod:id:balustrade","urn:p-lod:id:concept","Balustrade","","http://www.wikidata.org/entity/Q789783"
"urn:p-lod:id:band","urn:p-lod:id:concept","","",""
"urn:p-lod:id:bandage","urn:p-lod:id:concept","","",""
"urn:p-lod:id:banner","urn:p-lod:id:concept","","",""
"urn:p-lod:id:base","urn:p-lod:id:concept","Base","","http://www.wikidata.org/entity/Q191360"
"urn:p-lod:id:basin","urn:p-lod:id:concept","Basin","","http://www.wikidata.org/entity/Q810524"
"urn:p-lod:id:basket","urn:p-lod:id:concept","Basket","","http://www.wikidata.org/entity/Q201097"
"urn:p-lod:id:bath","urn:p-lod:id:concept","Bath","","http://www.wikidata.org/entity/Q152095"
"urn:p-lod:id:bather","urn:p-lod:id:concept","Bather","urn:p-lod:id:generic_human_figure","http://www.wikidata.org/entity/Q327651"
"urn:p-lod:id:baton","urn:p-lod:id:concept","","",""
"urn:p-lod:id:bear","urn:p-lod:id:concept","Bear","urn:p-lod:id:animal","http://www.wikidata.org/entity/Q30090244"
"urn:p-lod:id:bed","urn:p-lod:id:concept","Bed","","http://www.wikidata.org/entity/Q42177"
"urn:p-lod:id:bell","urn:p-lod:id:concept","Bell","","http://www.wikidata.org/entity/Q101401"
"urn:p-lod:id:bellerophon","urn:p-lod:id:concept","Bellerophon","urn:p-lod:id:mythological_figure","http://www.wikidata.org/entity/Q189872"
"urn:p-lod:id:bench","urn:p-lod:id:concept","Bench","",""
"urn:p-lod:id:berry","urn:p-lod:id:concept","","",""
"urn:p-lod:id:bes","urn:p-lod:id:concept","","",""
"urn:p-lod:id:betyl","urn:p-lod:id:concept","Betyl","",""
"urn:p-lod:id:bezel","urn:p-lod:id:concept","","",""
"urn:p-lod:id:bidder","urn:p-lod:id:concept","","",""
"urn:p-lod:id:bird","urn:p-lod:id:concept","Bird","urn:p-lod:id:animal","http://www.wikidata.org/entity/Q5113"
"urn:p-lod:id:boar","urn:p-lod:id:concept","Boar","urn:p-lod:id:animal","http://www.wikidata.org/entity/Q58697"
"urn:p-lod:id:boar's_head","urn:p-lod:id:concept","","",""
"urn:p-lod:id:boars_head","urn:p-lod:id:concept","Boar's_head","",""
"urn:p-lod:id:boat","urn:p-lod:id:concept","Boat","","http://www.wikidata.org/entity/Q35872"
"urn:p-lod:id:boot","urn:p-lod:id:concept","Boot","",""
"urn:p-lod:id:border","urn:p-lod:id:concept","Border","",""
"urn:p-lod:id:border__frame","urn:p-lod:id:concept","","",""
"urn:p-lod:id:border__horizontal","urn:p-lod:id:concept","","",""
"urn:p-lod:id:border__vertical","urn:p-lod:id:concept","","",""
"urn:p-lod:id:borea","urn:p-lod:id:concept","","",""
"urn:p-lod:id:boss","urn:p-lod:id:concept","Boss","",""
"urn:p-lod:id:bow","urn:p-lod:id:concept","Bow","urn:p-lod:id:weapon",""
"urn:p-lod:id:bowl","urn:p-lod:id:concept","Bowl","","http://www.wikidata.org/entity/Q153988"
"urn:p-lod:id:box","urn:p-lod:id:concept","Box","","http://www.wikidata.org/entity/Q188075"
"urn:p-lod:id:boxer","urn:p-lod:id:concept","Boxer","urn:p-lod:id:generic_human_figure","http://www.wikidata.org/entity/Q11338576"
"urn:p-lod:id:braid","urn:p-lod:id:concept","Braid","","http://www.wikidata.org/entity/Q320809"
"urn:p-lod:id:branch","urn:p-lod:id:concept","Branch","","http://www.wikidata.org/entity/Q2923673"
"urn:p-lod:id:bread","urn:p-lod:id:concept","Bread","","http://www.wikidata.org/entity/Q7802"
"urn:p-lod:id:brick","urn:p-lod:id:concept","Brick","","http://www.wikidata.org/entity/Q40089"
"urn:p-lod:id:bridge","urn:p-lod:id:concept","Bridge","urn:p-lod:id:architecture","http://www.wikidata.org/entity/Q12280"
"urn:p-lod:id:bronze","urn:p-lod:id:concept","Bronze","","http://www.wikidata.org/entity/Q34095"
"urn:p-lod:id:brooch","urn:p-lod:id:concept","Brooch","",""
"urn:p-lod:id:brush","urn:p-lod:id:concept","Brush","",""
"urn:p-lod:id:bucket","urn:p-lod:id:concept","","",""
"urn:p-lod:id:bucranium","urn:p-lod:id:concept","Bucranium","","http://www.wikidata.org/entity/Q1003461"
"urn:p-lod:id:building","urn:p-lod:id:concept","Building","urn:p-lod:id:architecture","http://www.wikidata.org/entity/Q41176"
"urn:p-lod:id:bull","urn:p-lod:id:concept","Bull","urn:p-lod:id:animal",""
"urn:p-lod:id:bull_skull","urn:p-lod:id:concept","","",""
"urn:p-lod:id:bulla","urn:p-lod:id:concept","Bulla","",""
"urn:p-lod:id:bush","urn:p-lod:id:concept","Bush","urn:p-lod:id:plant",""
"urn:p-lod:id:bust","urn:p-lod:id:concept","Bust","","http://www.wikidata.org/entity/Q17489160"
"urn:p-lod:id:butterfly","urn:p-lod:id:concept","Butterfly","urn:p-lod:id:insect",""
"urn:p-lod:id:cabin_boat","urn:p-lod:id:concept","Cabin_boat","","http://www.wikidata.org/entity/Q1416670"
"urn:p-lod:id:caduces","urn:p-lod:id:concept","Caduces","",""
"urn:p-lod:id:caduceus","urn:p-lod:id:concept","Caduceus","",""
"urn:p-lod:id:caesar","urn:p-lod:id:concept","Caesar","",""
"urn:p-lod:id:cage","urn:p-lod:id:concept","Cage","",""
"urn:p-lod:id:callisto","urn:p-lod:id:concept","","",""
"urn:p-lod:id:calyces","urn:p-lod:id:concept","Calyces","","http://www.wikidata.org/entity/Q2933965"
"urn:p-lod:id:camillus","urn:p-lod:id:concept","Camillus","",""
"urn:p-lod:id:candelabra","urn:p-lod:id:concept","Candelabra","","http://www.wikidata.org/entity/Q548275"
"urn:p-lod:id:cane","urn:p-lod:id:concept","Cane","",""
"urn:p-lod:id:cap","urn:p-lod:id:concept","Cap","",""
"urn:p-lod:id:capital","urn:p-lod:id:concept","Capital","","http://www.wikidata.org/entity/Q5119"
"urn:p-lod:id:caricature_(exaggerated)","urn:p-lod:id:concept","","",""
"urn:p-lod:id:carpet","urn:p-lod:id:concept","Carpet","","http://www.wikidata.org/entity/Q163446"
"urn:p-lod:id:carpet___embroidery_border","urn:p-lod:id:concept","","",""
"urn:p-lod:id:carpet___embroidery_border_frame","urn:p-lod:id:concept","","",""
"urn:p-lod:id:carpet___embroidery_border_horizontal","urn:p-lod:id:concept","","",""
"urn:p-lod:id:carpet___embroidery_border_vertical","urn:p-lod:id:concept","","",""
"urn:p-lod:id:carpet___embroidery_frame","urn:p-lod:id:concept","","",""
"urn:p-lod:id:cart","urn:p-lod:id:concept","Cart","","http://www.wikidata.org/entity/Q234668"
"urn:p-lod:id:cartoon","urn:p-lod:id:concept","","",""
"urn:p-lod:id:caryatid","urn:p-lod:id:concept","Caryatid","","http://www.wikidata.org/entity/Q208120"
"urn:p-lod:id:casket","urn:p-lod:id:concept","","",""
"urn:p-lod:id:cassandra","urn:p-lod:id:concept","Cassandra","urn:p-lod:id:mythological_figure",""
"urn:p-lod:id:cassiopeia","urn:p-lod:id:concept","Cassiopeia","urn:p-lod:id:mythological_figure",""
"urn:p-lod:id:castle","urn:p-lod:id:concept","","",""
"urn:p-lod:id:cat's_head","urn:p-lod:id:concept","","",""
"urn:p-lod:id:cauldron","urn:p-lod:id:concept","Cauldron","",""
"urn:p-lod:id:ceiling","urn:p-lod:id:concept","Ceiling","",""
"urn:p-lod:id:ceiling__coffered","urn:p-lod:id:concept","","",""
"urn:p-lod:id:celestial_body","urn:p-lod:id:concept","Celestial body","",""
"urn:p-lod:id:censor","urn:p-lod:id:concept","Censor","",""
"urn:p-lod:id:centaur","urn:p-lod:id:concept","Centaur","urn:p-lod:id:mythological_creature","http://www.wikidata.org/entity/Q83203"
"urn:p-lod:id:ceres","urn:p-lod:id:concept","Ceres","urn:p-lod:id:roman_deity",""
"urn:p-lod:id:chain","urn:p-lod:id:concept","Chain","","http://www.wikidata.org/entity/Q2397485"
"urn:p-lod:id:chair","urn:p-lod:id:concept","Chair","",""
"urn:p-lod:id:chalice","urn:p-lod:id:concept","Chalice","",""
"urn:p-lod:id:chandelier","urn:p-lod:id:concept","Chandelier","",""
"urn:p-lod:id:chariot","urn:p-lod:id:concept","Chariot","",""
"urn:p-lod:id:charioteer","urn:p-lod:id:concept","Charioteer","urn:p-lod:id:generic_human_figure",""
"urn:p-lod:id:checkered___squared","urn:p-lod:id:concept","","",""
"urn:p-lod:id:cheetah","urn:p-lod:id:concept","Cheetah","urn:p-lod:id:animal",""
"urn:p-lod:id:cheiron","urn:p-lod:id:concept","","",""
"urn:p-lod:id:chelys","urn:p-lod:id:concept","","",""
"urn:p-lod:id:cherry","urn:p-lod:id:concept","Cherry","urn:p-lod:id:fruit","http://www.wikidata.org/entity/Q196"
"urn:p-lod:id:chicken","urn:p-lod:id:concept","","",""
"urn:p-lod:id:child","urn:p-lod:id:concept","Child","urn:p-lod:id:generic_human_figure","http://www.wikidata.org/entity/Q7569"
"urn:p-lod:id:chiron","urn:p-lod:id:concept","","",""
"urn:p-lod:id:chiton","urn:p-lod:id:concept","Chiton","","http://www.wikidata.org/entity/Q944031"
"urn:p-lod:id:chlamys","urn:p-lod:id:concept","Chlamys","",""
"urn:p-lod:id:circe","urn:p-lod:id:concept","Circe","urn:p-lod:id:mythological_figure",""
"urn:p-lod:id:circle","urn:p-lod:id:concept","Circle","","http://www.wikidata.org/entity/Q17278"
"urn:p-lod:id:cista","urn:p-lod:id:concept","Cista","","http://www.wikidata.org/entity/Q867621"
"urn:p-lod:id:cithara","urn:p-lod:id:concept","Cithara","",""
"urn:p-lod:id:city","urn:p-lod:id:concept","","",""
"urn:p-lod:id:clio","urn:p-lod:id:concept","Clio","",""
"urn:p-lod:id:clipeus","urn:p-lod:id:concept","Clipeus","","http://www.wikidata.org/entity/Q1101789"
"urn:p-lod:id:cloak","urn:p-lod:id:concept","Cloak","","http://www.wikidata.org/entity/Q516992"
"urn:p-lod:id:cloth","urn:p-lod:id:concept","Cloth","",""
"urn:p-lod:id:clover","urn:p-lod:id:concept","Clover","","http://www.wikidata.org/entity/Q101538"
"urn:p-lod:id:club","urn:p-lod:id:concept","Club","",""
"urn:p-lod:id:cobra","urn:p-lod:id:concept","Cobra","urn:p-lod:id:snake",""
"urn:p-lod:id:cocciopesto","urn:p-lod:id:concept","Cocciopesto","","http://www.wikidata.org/entity/Q761421"
"urn:p-lod:id:cock","urn:p-lod:id:concept","Cock","urn:p-lod:id:bird","http://www.wikidata.org/entity/Q2216236"
"urn:p-lod:id:collar","urn:p-lod:id:concept","Collar","",""
"urn:p-lod:id:colonnade","urn:p-lod:id:concept","Colonnade","","http://www.wikidata.org/entity/Q657100"
"urn:p-lod:id:column","urn:p-lod:id:concept","Column","","http://www.wikidata.org/entity/Q4817"
"urn:p-lod:id:column__engaged","urn:p-lod:id:concept","","",""
"urn:p-lod:id:column_drum","urn:p-lod:id:concept","Column_drum","","http://www.wikidata.org/entity/Q4817"
"urn:p-lod:id:compartment","urn:p-lod:id:concept","Compartment","","http://www.wikidata.org/entity/Q251238"
"urn:p-lod:id:compass","urn:p-lod:id:concept","","",""
"urn:p-lod:id:corbel","urn:p-lod:id:concept","Corbel","",""
"urn:p-lod:id:cord","urn:p-lod:id:concept","Cord","",""
"urn:p-lod:id:coregi","urn:p-lod:id:concept","","",""
"urn:p-lod:id:corinna","urn:p-lod:id:concept","Corinna","",""
"urn:p-lod:id:corinthian_capital","urn:p-lod:id:concept","Corinthian_capital","","http://www.wikidata.org/entity/Q54124"
"urn:p-lod:id:corinthian_column","urn:p-lod:id:concept","","",""
"urn:p-lod:id:corn","urn:p-lod:id:concept","Corn","",""
"urn:p-lod:id:cornice","urn:p-lod:id:concept","Cornice","","http://www.wikidata.org/entity/Q328092"
"urn:p-lod:id:cornucopia","urn:p-lod:id:concept","Cornucopia","","http://www.wikidata.org/entity/Q332682"
"urn:p-lod:id:corolla","urn:p-lod:id:concept","Corolla","","http://www.wikidata.org/entity/Q1840192"
"urn:p-lod:id:corrina","urn:p-lod:id:concept","Corrina","",""
"urn:p-lod:id:counter","urn:p-lod:id:concept","Counter","","http://www.wikidata.org/entity/Q599007"
"urn:p-lod:id:cow","urn:p-lod:id:concept","Cow","urn:p-lod:id:animal","http://www.wikidata.org/entity/Q11748378"
"urn:p-lod:id:crab","urn:p-lod:id:concept","Crab","urn:p-lod:id:animal","http://www.wikidata.org/entity/Q40802"
"urn:p-lod:id:crater","urn:p-lod:id:concept","Crater","","http://www.wikidata.org/entity/Q476968"
"urn:p-lod:id:crenellation","urn:p-lod:id:concept","Crenellation","","http://www.wikidata.org/entity/Q23423"
"urn:p-lod:id:crescent","urn:p-lod:id:concept","Crescent","",""
"urn:p-lod:id:crescent_moon","urn:p-lod:id:concept","Crescent_moon","",""
"urn:p-lod:id:crocodile","urn:p-lod:id:concept","Crocodile","urn:p-lod:id:animal","http://www.wikidata.org/entity/Q2535664"
"urn:p-lod:id:cross","urn:p-lod:id:concept","Cross","","http://www.wikidata.org/entity/Q40843"
"urn:p-lod:id:crow","urn:p-lod:id:concept","Crow","urn:p-lod:id:bird","https://www.wikidata.org/entity/Q388450"
"urn:p-lod:id:crown","urn:p-lod:id:concept","Crown","","http://www.wikidata.org/entity/Q170984"
"urn:p-lod:id:crowning","urn:p-lod:id:concept","Crowning","","http://www.wikidata.org/entity/Q172349"
"urn:p-lod:id:cube__perspective","urn:p-lod:id:concept","","",""
"urn:p-lod:id:cup","urn:p-lod:id:concept","Cup","",""
"urn:p-lod:id:cupid","urn:p-lod:id:concept","Cupid","urn:p-lod:id:deity","http://www.wikidata.org/entity/Q5011"
"urn:p-lod:id:curtain","urn:p-lod:id:concept","Curtain","","http://www.wikidata.org/entity/Q49005"
"urn:p-lod:id:cuttlefish","urn:p-lod:id:concept","Cuttlefish","urn:p-lod:id:fish",""
"urn:p-lod:id:cymbal","urn:p-lod:id:concept","Cymbal","",""
"urn:p-lod:id:cyparissus","urn:p-lod:id:concept","","",""
"urn:p-lod:id:daedalus","urn:p-lod:id:concept","Daedalus","","http://www.wikidata.org/entity/Q134756"
"urn:p-lod:id:dagger","urn:p-lod:id:concept","Dagger","urn:p-lod:id:weapon","http://www.wikidata.org/entity/Q182780"
"urn:p-lod:id:danae","urn:p-lod:id:concept","Danae","",""
"urn:p-lod:id:daphne","urn:p-lod:id:concept","Daphne","",""
"urn:p-lod:id:date","urn:p-lod:id:concept","Date","urn:p-lod:id:fruit",""
"urn:p-lod:id:deer","urn:p-lod:id:concept","Deer","urn:p-lod:id:animal","http://www.wikidata.org/entity/Q23390"
"urn:p-lod:id:deianira","urn:p-lod:id:concept","Deianira","","http://www.wikidata.org/entity/Q272000"
"urn:p-lod:id:deidamia","urn:p-lod:id:concept","Deidamia","",""
"urn:p-lod:id:deity","urn:p-lod:id:concept","Deity","","http://www.wikidata.org/entity/Q178885"
"urn:p-lod:id:demeter","urn:p-lod:id:concept","Demeter","urn:p-lod:id:olympian_deity","http://www.wikidata.org/entity/Q40730"
"urn:p-lod:id:dentil","urn:p-lod:id:concept","Dentil","","http://www.wikidata.org/entity/Q143952"
"urn:p-lod:id:diadem","urn:p-lod:id:concept","Diadem","",""
"urn:p-lod:id:diamond","urn:p-lod:id:concept","Diamond","",""
"urn:p-lod:id:diana","urn:p-lod:id:concept","Diana","","http://www.wikidata.org/entity/Q132543"
"urn:p-lod:id:dido","urn:p-lod:id:concept","Dido","","http://www.wikidata.org/entity/Q905162"
"urn:p-lod:id:diomede","urn:p-lod:id:concept","Diomede","",""
"urn:p-lod:id:diomedes","urn:p-lod:id:concept","Diomedes","",""
"urn:p-lod:id:dionysius","urn:p-lod:id:concept","Dionysius","","http://www.wikidata.org/entity/Q41680"
"urn:p-lod:id:dioskouros","urn:p-lod:id:concept","Dioskouros","",""
"urn:p-lod:id:diotima","urn:p-lod:id:concept","Diotima","",""
"urn:p-lod:id:dipinto","urn:p-lod:id:concept","Dipinto","",""
"urn:p-lod:id:diptych","urn:p-lod:id:concept","Diptych","",""
"urn:p-lod:id:dipylon","urn:p-lod:id:concept","","",""
"urn:p-lod:id:dirce","urn:p-lod:id:concept","Dirce","","http://www.wikidata.org/entity/Q850192"
"urn:p-lod:id:discus-thrower","urn:p-lod:id:concept","Discus-thrower","","http://www.wikidata.org/entity/Q13381689"
"urn:p-lod:id:disk","urn:p-lod:id:concept","Disk","",""
"urn:p-lod:id:dog","urn:p-lod:id:concept","Dog","urn:p-lod:id:animal","http://www.wikidata.org/entity/Q144"
"urn:p-lod:id:dolphin","urn:p-lod:id:concept","Dolphin","urn:p-lod:id:animal","http://www.wikidata.org/entity/Q7369"
"urn:p-lod:id:dome","urn:p-lod:id:concept","Dome","","http://www.wikidata.org/entity/Q12493"
"urn:p-lod:id:donkey","urn:p-lod:id:concept","Donkey","urn:p-lod:id:animal","http://www.wikidata.org/entity/Q19707"
"urn:p-lod:id:door","urn:p-lod:id:concept","Door","","http://www.wikidata.org/entity/Q36794"
"urn:p-lod:id:doorway","urn:p-lod:id:concept","Doorway","",""
"urn:p-lod:id:dot___dotted","urn:p-lod:id:concept","","",""
"urn:p-lod:id:dove","urn:p-lod:id:concept","Dove","urn:p-lod:id:bird","http://www.wikidata.org/entity/Q2984138"
"urn:p-lod:id:dragon","urn:p-lod:id:concept","","",""
"urn:p-lod:id:drawer","urn:p-lod:id:concept","Drawer","","http://www.wikidata.org/entity/Q223575"
"urn:p-lod:id:drinking_horn","urn:p-lod:id:concept","Drinking_horn","","http://www.wikidata.org/entity/Q192771"
"urn:p-lod:id:drops","urn:p-lod:id:concept","Drops","","http://www.wikidata.org/entity/Q185789"
"urn:p-lod:id:drum","urn:p-lod:id:concept","Drum","","http://www.wikidata.org/entity/Q11404"
"urn:p-lod:id:duck","urn:p-lod:id:concept","Duck","urn:p-lod:id:bird","http://www.wikidata.org/entity/Q3736439"
"urn:p-lod:id:eagle","urn:p-lod:id:concept","Eagle","urn:p-lod:id:bird","http://www.wikidata.org/entity/Q2092297"
"urn:p-lod:id:eagle-griffin","urn:p-lod:id:concept","Eagle-griffin","","http://www.wikidata.org/entity/Q130223"
"urn:p-lod:id:earring","urn:p-lod:id:concept","Earring","",""
"urn:p-lod:id:earrings","urn:p-lod:id:concept","Earrings","",""
"urn:p-lod:id:echo","urn:p-lod:id:concept","Echo","",""
"urn:p-lod:id:eel","urn:p-lod:id:concept","Eel","urn:p-lod:id:animal","http://www.wikidata.org/entity/Q128685"
"urn:p-lod:id:egg","urn:p-lod:id:concept","Egg","",""
"urn:p-lod:id:egg_and_dart","urn:p-lod:id:concept","Egg_and_dart","","http://www.wikidata.org/entity/Q2458802"
"urn:p-lod:id:egyptian","urn:p-lod:id:concept","Egyptian","",""
"urn:p-lod:id:elephant","urn:p-lod:id:concept","Elephant","urn:p-lod:id:animal","http://www.wikidata.org/entity/Q7378"
"urn:p-lod:id:ellipse","urn:p-lod:id:concept","","",""
"urn:p-lod:id:emblem","urn:p-lod:id:concept","Emblem","","http://www.wikidata.org/entity/Q112110"
"urn:p-lod:id:emblema","urn:p-lod:id:concept","Emblema","","http://www.wikidata.org/entity/Q86048537"
"urn:p-lod:id:endymion","urn:p-lod:id:concept","Endymion","",""
"urn:p-lod:id:entablature","urn:p-lod:id:concept","Entablature","","http://www.wikidata.org/entity/Q187459"
"urn:p-lod:id:epistyle","urn:p-lod:id:concept","Epistyle","","http://www.wikidata.org/entity/Q183448"
"urn:p-lod:id:epithymia","urn:p-lod:id:concept","Epithymia","",""
"urn:p-lod:id:eros","urn:p-lod:id:concept","Eros","urn:p-lod:id:deity","http://www.wikidata.org/entity/Q121973"
"urn:p-lod:id:erotic_scene","urn:p-lod:id:concept","Erotic_scene","",""
"urn:p-lod:id:eteocles","urn:p-lod:id:concept","Eteocles","",""
"urn:p-lod:id:europa","urn:p-lod:id:concept","Europa","",""
"urn:p-lod:id:euterpe","urn:p-lod:id:concept","Euterpe","",""
"urn:p-lod:id:facade","urn:p-lod:id:concept","Facade","","http://www.wikidata.org/entity/Q183061"
"urn:p-lod:id:fan","urn:p-lod:id:concept","Fan","",""
"urn:p-lod:id:farmer","urn:p-lod:id:concept","","",""
"urn:p-lod:id:faun","urn:p-lod:id:concept","Faun","",""
"urn:p-lod:id:feather","urn:p-lod:id:concept","Feather","",""
"urn:p-lod:id:fence","urn:p-lod:id:concept","Fence","","http://www.wikidata.org/entity/Q148571"
"urn:p-lod:id:ferculum","urn:p-lod:id:concept","Ferculum","",""
"urn:p-lod:id:fern","urn:p-lod:id:concept","Fern","",""
"urn:p-lod:id:fig","urn:p-lod:id:concept","Fig","",""
"urn:p-lod:id:figural_scene","urn:p-lod:id:concept","Figural_scene","",""
"urn:p-lod:id:figure","urn:p-lod:id:concept","Figure","","http://www.wikidata.org/entity/Q29527347"
"urn:p-lod:id:fire","urn:p-lod:id:concept","Fire","",""
"urn:p-lod:id:fish","urn:p-lod:id:concept","Fish","urn:p-lod:id:animal","http://www.wikidata.org/entity/Q152"
"urn:p-lod:id:fisherman","urn:p-lod:id:concept","Fisherman","urn:p-lod:id:generic_human_figure",""
"urn:p-lod:id:flecked","urn:p-lod:id:concept","Flecked","","http://www.wikidata.org/entity/Q2429962"
"urn:p-lod:id:floor_tile","urn:p-lod:id:concept","Floor_tile","","http://www.wikidata.org/entity/Q17455039"
"urn:p-lod:id:flooring","urn:p-lod:id:concept","Flooring","","http://www.wikidata.org/entity/Q1433006"
"urn:p-lod:id:floral_candelabra","urn:p-lod:id:concept","Floral_candelabra","",""
"urn:p-lod:id:flower","urn:p-lod:id:concept","Flower","urn:p-lod:id:plant","http://www.wikidata.org/entity/Q506"
"urn:p-lod:id:flute","urn:p-lod:id:concept","Flute","",""
"urn:p-lod:id:flutting","urn:p-lod:id:concept","Flutting","",""
"urn:p-lod:id:flying","urn:p-lod:id:concept","Flying","",""
"urn:p-lod:id:food","urn:p-lod:id:concept","Food","","http://www.wikidata.org/entity/Q2095"
"urn:p-lod:id:footstool","urn:p-lod:id:concept","Footstool","",""
"urn:p-lod:id:foreground","urn:p-lod:id:concept","Foreground","","http://www.wikidata.org/entity/Q2533752"
"urn:p-lod:id:fortification","urn:p-lod:id:concept","Fortification","","http://www.wikidata.org/entity/Q57821"
"urn:p-lod:id:fortuna","urn:p-lod:id:concept","Fortuna","",""
"urn:p-lod:id:fountain","urn:p-lod:id:concept","Fountain","","http://www.wikidata.org/entity/Q483453"
"urn:p-lod:id:fox","urn:p-lod:id:concept","","",""
"urn:p-lod:id:frame","urn:p-lod:id:concept","Frame","","http://www.wikidata.org/entity/Q860792"
"urn:p-lod:id:fresco","urn:p-lod:id:concept","Fresco","","http://www.wikidata.org/entity/Q22669139"
"urn:p-lod:id:frieze","urn:p-lod:id:concept","Frieze","","http://www.wikidata.org/entity/Q183272"
"urn:p-lod:id:fritillus","urn:p-lod:id:concept","","",""
"urn:p-lod:id:frog","urn:p-lod:id:concept","Frog","",""
"urn:p-lod:id:front_porch","urn:p-lod:id:concept","Front_porch","","http://www.wikidata.org/entity/Q816741"
"urn:p-lod:id:fruit","urn:p-lod:id:concept","Fruit","","http://www.wikidata.org/entity/Q3314483"
"urn:p-lod:id:fullonica","urn:p-lod:id:concept","","",""
"urn:p-lod:id:funeral_pyre","urn:p-lod:id:concept","Funeral_pyre","","http://www.wikidata.org/entity/Q736132"
"urn:p-lod:id:gable","urn:p-lod:id:concept","Gable","","http://www.wikidata.org/entity/Q1161370"
"urn:p-lod:id:galatea","urn:p-lod:id:concept","Galatea","",""
"urn:p-lod:id:galateia","urn:p-lod:id:concept","Galateia","",""
"urn:p-lod:id:ganymede","urn:p-lod:id:concept","Ganymede","urn:p-lod:id:mythological_figure","http://www.wikidata.org/entity/Q131588"
"urn:p-lod:id:ganymedes","urn:p-lod:id:concept","","",""
"urn:p-lod:id:garden","urn:p-lod:id:concept","Garden","","http://www.wikidata.org/entity/Q1107656"
"urn:p-lod:id:garland","urn:p-lod:id:concept","Garland","","http://www.wikidata.org/entity/Q756600"
"urn:p-lod:id:garland__crown","urn:p-lod:id:concept","","",""
"urn:p-lod:id:garland__frame","urn:p-lod:id:concept","","",""
"urn:p-lod:id:gate","urn:p-lod:id:concept","Gate","","http://www.wikidata.org/entity/Q53060"
"urn:p-lod:id:gazebo","urn:p-lod:id:concept","","",""
"urn:p-lod:id:gazelle","urn:p-lod:id:concept","Gazelle","urn:p-lod:id:animal",""
"urn:p-lod:id:gem","urn:p-lod:id:concept","Gem","","http://www.wikidata.org/entity/Q83437"
"urn:p-lod:id:generic_human_figure","urn:p-lod:id:concept","Generic Human Figure","",""
"urn:p-lod:id:genius","urn:p-lod:id:concept","Genius","",""
"urn:p-lod:id:geometric","urn:p-lod:id:concept","Geometric","","http://www.wikidata.org/entity/Q43114389"
"urn:p-lod:id:gift_of_fruit","urn:p-lod:id:concept","Gift_of_fruit","",""
"urn:p-lod:id:gladiator","urn:p-lod:id:concept","Gladiator","urn:p-lod:id:generic_human_figure","http://www.wikidata.org/entity/Q482999"
"urn:p-lod:id:glass","urn:p-lod:id:concept","Glass","","http://www.wikidata.org/entity/Q11469"
"urn:p-lod:id:globe","urn:p-lod:id:concept","Globe","","http://www.wikidata.org/entity/Q133792"
"urn:p-lod:id:goat","urn:p-lod:id:concept","Goat","urn:p-lod:id:animal","http://www.wikidata.org/entity/Q2934"
"urn:p-lod:id:god","urn:p-lod:id:concept","","",""
"urn:p-lod:id:goose","urn:p-lod:id:concept","","",""
"urn:p-lod:id:gorgon","urn:p-lod:id:concept","Gorgon","urn:p-lod:id:mythological_creature","http://www.wikidata.org/entity/Q102059"
"urn:p-lod:id:grace","urn:p-lod:id:concept","Grace","",""
"urn:p-lod:id:graffito","urn:p-lod:id:concept","Graffito","",""
"urn:p-lod:id:grape","urn:p-lod:id:concept","Grape","","http://www.wikidata.org/entity/Q10978"
"urn:p-lod:id:grapes","urn:p-lod:id:concept","Grapes","",""
"urn:p-lod:id:grass","urn:p-lod:id:concept","","",""
"urn:p-lod:id:grasshopper","urn:p-lod:id:concept","Grasshopper","","http://www.wikidata.org/entity/Q18398431"
"urn:p-lod:id:greave","urn:p-lod:id:concept","Greave","",""
"urn:p-lod:id:greek","urn:p-lod:id:concept","Greek","",""
"urn:p-lod:id:grenade","urn:p-lod:id:concept","","",""
"urn:p-lod:id:grid_iron","urn:p-lod:id:concept","Grid_iron","",""
"urn:p-lod:id:griffin","urn:p-lod:id:concept","Griffin","urn:p-lod:id:mythological_creature","http://www.wikidata.org/entity/Q130223"
"urn:p-lod:id:grooves","urn:p-lod:id:concept","","",""
"urn:p-lod:id:grotesque","urn:p-lod:id:concept","Grotesque","","http://www.wikidata.org/entity/Q218248"
"urn:p-lod:id:guilloche","urn:p-lod:id:concept","Guilloche","","http://www.wikidata.org/entity/Q55416098"
"urn:p-lod:id:guinea_hen","urn:p-lod:id:concept","Guinea_hen","urn:p-lod:id:bird","http://www.wikidata.org/entity/Q171953"
"urn:p-lod:id:gymnasium","urn:p-lod:id:concept","Gymnasium","","http://www.wikidata.org/entity/Q504400"
"urn:p-lod:id:ham","urn:p-lod:id:concept","Ham","",""
"urn:p-lod:id:hammer","urn:p-lod:id:concept","","",""
"urn:p-lod:id:handle","urn:p-lod:id:concept","","",""
"urn:p-lod:id:hare","urn:p-lod:id:concept","Hare","","http://www.wikidata.org/entity/Q46076"
"urn:p-lod:id:harp","urn:p-lod:id:concept","Harp","","http://www.wikidata.org/entity/Q47369"
"urn:p-lod:id:harpocrates","urn:p-lod:id:concept","","",""
"urn:p-lod:id:hat","urn:p-lod:id:concept","Hat","",""
"urn:p-lod:id:hawk","urn:p-lod:id:concept","Hawk","urn:p-lod:id:bird",""
"urn:p-lod:id:head","urn:p-lod:id:concept","Head","",""
"urn:p-lod:id:heart","urn:p-lod:id:concept","","",""
"urn:p-lod:id:hector","urn:p-lod:id:concept","Hector","urn:p-lod:id:mythological_figure","http://www.wikidata.org/entity/Q159666"
"urn:p-lod:id:hekate","urn:p-lod:id:concept","Hekate","",""
"urn:p-lod:id:held_by","urn:p-lod:id:concept","Held by","",""
"urn:p-lod:id:helen","urn:p-lod:id:concept","Helen","",""
"urn:p-lod:id:helenus","urn:p-lod:id:concept","Helenus","",""
"urn:p-lod:id:helios","urn:p-lod:id:concept","Helios","",""
"urn:p-lod:id:helle","urn:p-lod:id:concept","","",""
"urn:p-lod:id:hellenistic_rosette","urn:p-lod:id:concept","Hellenistic_rosette","","http://www.wikidata.org/entity/Q1277215"
"urn:p-lod:id:helmet","urn:p-lod:id:concept","Helmet","","http://www.wikidata.org/entity/Q173603"
"urn:p-lod:id:hephaestus","urn:p-lod:id:concept","Hephaestus","urn:p-lod:id:olympian_deity","http://www.wikidata.org/entity/Q44384"
"urn:p-lod:id:hera","urn:p-lod:id:concept","Hera","urn:p-lod:id:olympian_deity","http://www.wikidata.org/entity/Q38012"
"urn:p-lod:id:herb","urn:p-lod:id:concept","","",""
"urn:p-lod:id:hercules","urn:p-lod:id:concept","Hercules","urn:p-lod:id:deity","http://www.wikidata.org/entity/Q122248"
"urn:p-lod:id:herm","urn:p-lod:id:concept","Herm","","http://www.wikidata.org/entity/Q376693"
"urn:p-lod:id:hermaphrodite","urn:p-lod:id:concept","Hermaphrodite","",""
"urn:p-lod:id:hermes","urn:p-lod:id:concept","Hermes","urn:p-lod:id:olympian_deity","http://www.wikidata.org/entity/Q41484"
"urn:p-lod:id:hero","urn:p-lod:id:concept","Hero","",""
"urn:p-lod:id:heron","urn:p-lod:id:concept","Heron","urn:p-lod:id:bird","http://www.wikidata.org/entity/Q3259077"
"urn:p-lod:id:hesione","urn:p-lod:id:concept","Hesione","",""
"urn:p-lod:id:hesperis","urn:p-lod:id:concept","Hesperis","",""
"urn:p-lod:id:hesperus","urn:p-lod:id:concept","Hesperus","",""
"urn:p-lod:id:hestia","urn:p-lod:id:concept","Hestia","urn:p-lod:id:olympian_deity","http://www.wikidata.org/entity/Q41419"
"urn:p-lod:id:hexagon","urn:p-lod:id:concept","Hexagon","","http://www.wikidata.org/entity/Q83043"
"urn:p-lod:id:hinge","urn:p-lod:id:concept","Hinge","","http://www.wikidata.org/entity/Q244330"
"urn:p-lod:id:hippocamp","urn:p-lod:id:concept","Hippocamp","urn:p-lod:id:mythological_creature","http://www.wikidata.org/entity/Q816795"
"urn:p-lod:id:hippodamia","urn:p-lod:id:concept","Hippodamia","",""
"urn:p-lod:id:hippolyte","urn:p-lod:id:concept","Hippolyte","",""
"urn:p-lod:id:hippolytus","urn:p-lod:id:concept","Hippolytus","",""
"urn:p-lod:id:hippopotamus","urn:p-lod:id:concept","Hippopotamus","urn:p-lod:id:animal",""
"urn:p-lod:id:hole","urn:p-lod:id:concept","","",""
"urn:p-lod:id:homer","urn:p-lod:id:concept","Homer","",""
"urn:p-lod:id:hook","urn:p-lod:id:concept","Hook","",""
"urn:p-lod:id:hoop","urn:p-lod:id:concept","Hoop","",""
"urn:p-lod:id:horn","urn:p-lod:id:concept","","",""
"urn:p-lod:id:horse","urn:p-lod:id:concept","Horse","urn:p-lod:id:animal","http://www.wikidata.org/entity/Q726"
"urn:p-lod:id:horseshoe","urn:p-lod:id:concept","","",""
"urn:p-lod:id:hortus_conclusus","urn:p-lod:id:concept","","",""
"urn:p-lod:id:hourglass","urn:p-lod:id:concept","","",""
"urn:p-lod:id:hunter","urn:p-lod:id:concept","Hunter","urn:p-lod:id:generic_human_figure",""
"urn:p-lod:id:hylas","urn:p-lod:id:concept","Hylas","",""
"urn:p-lod:id:hyllus","urn:p-lod:id:concept","Hyllus","",""
"urn:p-lod:id:hymenaios","urn:p-lod:id:concept","Hymenaios","",""
"urn:p-lod:id:hypnos","urn:p-lod:id:concept","Hypnos","urn:p-lod:id:deity",""
"urn:p-lod:id:ibis","urn:p-lod:id:concept","Ibis","urn:p-lod:id:bird",""
"urn:p-lod:id:icarus","urn:p-lod:id:concept","Icarus","urn:p-lod:id:mythological_figure",""
"urn:p-lod:id:ichneumon","urn:p-lod:id:concept","","",""
"urn:p-lod:id:ilione","urn:p-lod:id:concept","Ilione","",""
"urn:p-lod:id:impluvium","urn:p-lod:id:concept","Impluvium","urn:p-lod:id:architecture","http://www.wikidata.org/entity/Q1117244"
"urn:p-lod:id:insect","urn:p-lod:id:concept","Insect","urn:p-lod:id:animal",""
"urn:p-lod:id:intercolumniation","urn:p-lod:id:concept","Intercolumniation","","http://www.wikidata.org/entity/Q1364172"
"urn:p-lod:id:io","urn:p-lod:id:concept","Io","urn:p-lod:id:mythological_figure",""
"urn:p-lod:id:iphicles","urn:p-lod:id:concept","Iphicles","",""
"urn:p-lod:id:iphigenia","urn:p-lod:id:concept","Iphigenia","urn:p-lod:id:mythological_figure",""
"urn:p-lod:id:iris","urn:p-lod:id:concept","","",""
"urn:p-lod:id:iron_nail","urn:p-lod:id:concept","","",""
"urn:p-lod:id:isis","urn:p-lod:id:concept","","",""
"urn:p-lod:id:isis-fortuna","urn:p-lod:id:concept","","",""
"urn:p-lod:id:isodomic_block","urn:p-lod:id:concept","Isodomic block","",""
"urn:p-lod:id:ivy","urn:p-lod:id:concept","Ivy","urn:p-lod:id:plant","http://www.wikidata.org/entity/Q26354"
"urn:p-lod:id:jackal","urn:p-lod:id:concept","Jackal","urn:p-lod:id:animal","http://www.wikidata.org/entity/Q125525"
"urn:p-lod:id:jar","urn:p-lod:id:concept","Jar","","http://www.wikidata.org/entity/Q1207302"
"urn:p-lod:id:jason","urn:p-lod:id:concept","","",""
"urn:p-lod:id:jay","urn:p-lod:id:concept","Jay","urn:p-lod:id:bird","http://www.wikidata.org/entity/Q25354"
"urn:p-lod:id:jellyfish","urn:p-lod:id:concept","","",""
"urn:p-lod:id:jetty","urn:p-lod:id:concept","Jetty","urn:p-lod:id:architecture","http://www.wikidata.org/entity/Q3082251"
"urn:p-lod:id:jewel","urn:p-lod:id:concept","Jewel","",""
"urn:p-lod:id:jug","urn:p-lod:id:concept","Jug","","http://www.wikidata.org/entity/Q2413314"
"urn:p-lod:id:juno","urn:p-lod:id:concept","Juno","urn:p-lod:id:roman_deity","http://www.wikidata.org/entity/Q125046"
"urn:p-lod:id:jupiter","urn:p-lod:id:concept","Jupiter","urn:p-lod:id:roman_deity","http://www.wikidata.org/entity/Q4649"
"urn:p-lod:id:kantharos","urn:p-lod:id:concept","Kantharos","",""
"urn:p-lod:id:ketos_(sea-serpent)","urn:p-lod:id:concept","Ketos_(sea-serpent)","","http://www.wikidata.org/entity/Q3269950"
"urn:p-lod:id:key","urn:p-lod:id:concept","Key","",""
"urn:p-lod:id:knife","urn:p-lod:id:concept","","",""
"urn:p-lod:id:knucklebones","urn:p-lod:id:concept","Knucklebones","","http://www.wikidata.org/entity/Q20452"
"urn:p-lod:id:labrum","urn:p-lod:id:concept","Labrum","","http://www.wikidata.org/entity/Q6467643"
"urn:p-lod:id:ladder","urn:p-lod:id:concept","Ladder","","http://www.wikidata.org/entity/Q168639"
"urn:p-lod:id:lamb","urn:p-lod:id:concept","Lamb","urn:p-lod:id:animal","http://www.wikidata.org/entity/Q4575936"
"urn:p-lod:id:lamp","urn:p-lod:id:concept","Lamp","",""
"urn:p-lod:id:lancet","urn:p-lod:id:concept","Lancet","",""
"urn:p-lod:id:landscape","urn:p-lod:id:concept","Landscape","",""
"urn:p-lod:id:laocoon","urn:p-lod:id:concept","Laocoon","urn:p-lod:id:mythological_figure","http://www.wikidata.org/entity/Q22878"
"urn:p-lod:id:lapith","urn:p-lod:id:concept","Lapith","","http://www.wikidata.org/entity/Q334794"
"urn:p-lod:id:lararium","urn:p-lod:id:concept","Lararium","urn:p-lod:id:architecture","http://www.wikidata.org/entity/Q1241286"
"urn:p-lod:id:lare","urn:p-lod:id:concept","Lare","urn:p-lod:id:roman_deity",""
"urn:p-lod:id:lark","urn:p-lod:id:concept","Lark","urn:p-lod:id:bird","http://www.wikidata.org/entity/Q29858"
"urn:p-lod:id:latchkey","urn:p-lod:id:concept","Latchkey","","http://www.wikidata.org/entity/Q132041"
"urn:p-lod:id:latrine","urn:p-lod:id:concept","","",""
"urn:p-lod:id:lattice","urn:p-lod:id:concept","Lattice","","http://www.wikidata.org/entity/Q1368562"
"urn:p-lod:id:laurel","urn:p-lod:id:concept","Laurel","urn:p-lod:id:plant","http://www.wikidata.org/entity/Q26006"
"urn:p-lod:id:leaf","urn:p-lod:id:concept","Leaf","","http://www.wikidata.org/entity/Q33971"
"urn:p-lod:id:leander","urn:p-lod:id:concept","Leander","",""
"urn:p-lod:id:leda","urn:p-lod:id:concept","Leda","urn:p-lod:id:mythological_figure",""
"urn:p-lod:id:lekythos","urn:p-lod:id:concept","Lekythos","",""
"urn:p-lod:id:lemon","urn:p-lod:id:concept","Lemon","urn:p-lod:id:fruit","http://www.wikidata.org/entity/Q1093742"
"urn:p-lod:id:leopard","urn:p-lod:id:concept","Leopard","urn:p-lod:id:animal",""
"urn:p-lod:id:limestone","urn:p-lod:id:concept","Limestone","","http://www.wikidata.org/entity/Q23757"
"urn:p-lod:id:line","urn:p-lod:id:concept","","",""
"urn:p-lod:id:lintel","urn:p-lod:id:concept","Lintel","","http://www.wikidata.org/entity/Q1370517"
"urn:p-lod:id:lion","urn:p-lod:id:concept","Lion","urn:p-lod:id:animal","http://www.wikidata.org/entity/Q140"
"urn:p-lod:id:lion_skin","urn:p-lod:id:concept","Lion_skin","",""
"urn:p-lod:id:lizard","urn:p-lod:id:concept","Lizard","urn:p-lod:id:animal",""
"urn:p-lod:id:lo","urn:p-lod:id:concept","","",""
"urn:p-lod:id:lobe","urn:p-lod:id:concept","Lobe","",""
"urn:p-lod:id:lobster","urn:p-lod:id:concept","Lobster","urn:p-lod:id:animal","http://www.wikidata.org/entity/Q61864890"
"urn:p-lod:id:lotus","urn:p-lod:id:concept","Lotus","urn:p-lod:id:plant","http://www.wikidata.org/entity/Q16528"
"urn:p-lod:id:lucifer","urn:p-lod:id:concept","Lucifer","urn:p-lod:id:mythological_figure",""
"urn:p-lod:id:luna","urn:p-lod:id:concept","Luna","urn:p-lod:id:deity",""
"urn:p-lod:id:lunette","urn:p-lod:id:concept","Lunette","","http://www.wikidata.org/entity/Q942787"
"urn:p-lod:id:lycomedes","urn:p-lod:id:concept","Lycomedes","",""
"urn:p-lod:id:lycurgus","urn:p-lod:id:concept","Lycurgus","",""
"urn:p-lod:id:lykos","urn:p-lod:id:concept","","",""
"urn:p-lod:id:lyre","urn:p-lod:id:concept","Lyre","",""
"urn:p-lod:id:maenad","urn:p-lod:id:concept","Maenad","","http://www.wikidata.org/entity/Q209599"
"urn:p-lod:id:magpie","urn:p-lod:id:concept","Magpie","urn:p-lod:id:bird","http://www.wikidata.org/entity/Q25307"
"urn:p-lod:id:man","urn:p-lod:id:concept","Man","urn:p-lod:id:generic_human_figure","http://www.wikidata.org/entity/Q8441"
"urn:p-lod:id:mantel","urn:p-lod:id:concept","","",""
"urn:p-lod:id:mantle","urn:p-lod:id:concept","Mantle","",""
"urn:p-lod:id:marble","urn:p-lod:id:concept","Marble","","http://www.wikidata.org/entity/Q40861"
"urn:p-lod:id:marine_griffin","urn:p-lod:id:concept","Marine_griffin","",""
"urn:p-lod:id:mars","urn:p-lod:id:concept","Mars","",""
"urn:p-lod:id:marsyas","urn:p-lod:id:concept","Marsyas","urn:p-lod:id:mythological_creature",""
"urn:p-lod:id:mask","urn:p-lod:id:concept","Mask","","http://www.wikidata.org/entity/Q161524"
"urn:p-lod:id:meander","urn:p-lod:id:concept","Meander","","http://www.wikidata.org/entity/Q898879"
"urn:p-lod:id:meat","urn:p-lod:id:concept","Meat","",""
"urn:p-lod:id:medallion","urn:p-lod:id:concept","Medallion","","http://www.wikidata.org/entity/Q131647"
"urn:p-lod:id:medea","urn:p-lod:id:concept","Medea","urn:p-lod:id:mythological_figure",""
"urn:p-lod:id:medeia","urn:p-lod:id:concept","","",""
"urn:p-lod:id:medusa","urn:p-lod:id:concept","Medusa","urn:p-lod:id:mythological_creature","http://www.wikidata.org/entity/Q160730"
"urn:p-lod:id:megalographia","urn:p-lod:id:concept","Megalographia","",""
"urn:p-lod:id:meleager","urn:p-lod:id:concept","Meleager","",""
"urn:p-lod:id:meleagros","urn:p-lod:id:concept","Meleagros","",""
"urn:p-lod:id:melpomene","urn:p-lod:id:concept","Melpomene","",""
"urn:p-lod:id:menelaus","urn:p-lod:id:concept","Menelaus","",""
"urn:p-lod:id:mercury","urn:p-lod:id:concept","Mercury","urn:p-lod:id:roman_deity",""
"urn:p-lod:id:mermaid","urn:p-lod:id:concept","Mermaid","",""
"urn:p-lod:id:mestra","urn:p-lod:id:concept","Mestra","",""
"urn:p-lod:id:metope","urn:p-lod:id:concept","Metope","",""
"urn:p-lod:id:micon","urn:p-lod:id:concept","Micon","",""
"urn:p-lod:id:micone","urn:p-lod:id:concept","Micone","",""
"urn:p-lod:id:midas","urn:p-lod:id:concept","Midas","",""
"urn:p-lod:id:midwife","urn:p-lod:id:concept","Midwife","",""
"urn:p-lod:id:minerva","urn:p-lod:id:concept","Minerva","urn:p-lod:id:roman_deity",""
"urn:p-lod:id:mini-panel","urn:p-lod:id:concept","Mini-panel","","http://www.wikidata.org/entity/Q1348059"
"urn:p-lod:id:minos","urn:p-lod:id:concept","Minos","",""
"urn:p-lod:id:minotaur","urn:p-lod:id:concept","Minotaur","urn:p-lod:id:mythological_creature",""
"urn:p-lod:id:mirror","urn:p-lod:id:concept","Mirror","","http://www.wikidata.org/entity/Q35197"
"urn:p-lod:id:modillion","urn:p-lod:id:concept","Modillion","","http://www.wikidata.org/entity/Q980198"
"urn:p-lod:id:modius","urn:p-lod:id:concept","","",""
"urn:p-lod:id:mollusc","urn:p-lod:id:concept","Mollusc","",""
"urn:p-lod:id:mongoose","urn:p-lod:id:concept","","",""
"urn:p-lod:id:monkey","urn:p-lod:id:concept","Monkey","urn:p-lod:id:animal",""
"urn:p-lod:id:moon","urn:p-lod:id:concept","Moon","urn:p-lod:id:celestial_body","http://www.wikidata.org/entity/Q405"
"urn:p-lod:id:mortar","urn:p-lod:id:concept","Mortar","","http://www.wikidata.org/entity/Q189566"
"urn:p-lod:id:mosaic","urn:p-lod:id:concept","Mosaic","","http://www.wikidata.org/entity/Q133067"
"urn:p-lod:id:moulding","urn:p-lod:id:concept","Moulding","","http://www.wikidata.org/entity/Q1770806"
"urn:p-lod:id:mountain","urn:p-lod:id:concept","Mountain","",""
"urn:p-lod:id:mouse","urn:p-lod:id:concept","Mouse","urn:p-lod:id:animal",""
"urn:p-lod:id:mule","urn:p-lod:id:concept","Mule","urn:p-lod:id:animal",""
"urn:p-lod:id:muse","urn:p-lod:id:concept","Muse","","http://www.wikidata.org/entity/Q66016"
"urn:p-lod:id:muse_-_thalia","urn:p-lod:id:concept","Muse_-_thalia","",""
"urn:p-lod:id:musical_instrument","urn:p-lod:id:concept","","",""
"urn:p-lod:id:musician","urn:p-lod:id:concept","Musician","urn:p-lod:id:generic_human_figure","http://www.wikidata.org/entity/Q639669"
"urn:p-lod:id:myrtis","urn:p-lod:id:concept","","",""
"urn:p-lod:id:mythological_creature","urn:p-lod:id:concept","Mythological creature","",""
"urn:p-lod:id:mythological_figure","urn:p-lod:id:concept","Mythological figure","",""
"urn:p-lod:id:mythological_figures","urn:p-lod:id:concept","","",""
"urn:p-lod:id:mythological_scene","urn:p-lod:id:concept","Mythological_scene","",""
"urn:p-lod:id:narcissus","urn:p-lod:id:concept","Narcissus","urn:p-lod:id:mythological_figure",""
"urn:p-lod:id:nature","urn:p-lod:id:concept","Nature","","http://www.wikidata.org/entity/Q7860"
"urn:p-lod:id:nebris","urn:p-lod:id:concept","Nebris","","http://www.wikidata.org/entity/Q1275155"
"urn:p-lod:id:necklace","urn:p-lod:id:concept","Necklace","",""
"urn:p-lod:id:nemesis","urn:p-lod:id:concept","Nemesis","urn:p-lod:id:deity",""
"urn:p-lod:id:neoptolemus","urn:p-lod:id:concept","Neoptolemus","urn:p-lod:id:mythological_figure","http://www.wikidata.org/entity/Q322639"
"urn:p-lod:id:neptune","urn:p-lod:id:concept","Neptune","urn:p-lod:id:roman_deity","http://www.wikidata.org/entity/Q3954"
"urn:p-lod:id:nereid","urn:p-lod:id:concept","Nereid","","http://www.wikidata.org/entity/Q54230"
"urn:p-lod:id:nessus","urn:p-lod:id:concept","Nessus","urn:p-lod:id:mythological_creature","http://www.wikidata.org/entity/Q466866"
"urn:p-lod:id:nest","urn:p-lod:id:concept","","",""
"urn:p-lod:id:net","urn:p-lod:id:concept","Net","",""
"urn:p-lod:id:niche","urn:p-lod:id:concept","Niche","","http://www.wikidata.org/entity/Q695992"
"urn:p-lod:id:nike","urn:p-lod:id:concept","Nike","urn:p-lod:id:deity",""
"urn:p-lod:id:nilotic_landscape","urn:p-lod:id:concept","Nilotic_landscape","",""
"urn:p-lod:id:niobid","urn:p-lod:id:concept","Niobid","",""
"urn:p-lod:id:numidian","urn:p-lod:id:concept","Numidian","","http://www.wikidata.org/entity/Q2916416"
"urn:p-lod:id:nut","urn:p-lod:id:concept","Nut","",""
"urn:p-lod:id:nymph","urn:p-lod:id:concept","Nymph","",""
"urn:p-lod:id:oar","urn:p-lod:id:concept","","",""
"urn:p-lod:id:obelisk","urn:p-lod:id:concept","Obelisk","urn:p-lod:id:architecture",""
"urn:p-lod:id:object","urn:p-lod:id:concept","Object","",""
"urn:p-lod:id:obliques","urn:p-lod:id:concept","Obliques","",""
"urn:p-lod:id:oceanus","urn:p-lod:id:concept","Oceanus","",""
"urn:p-lod:id:octagon","urn:p-lod:id:concept","Octagon","",""
"urn:p-lod:id:octopus","urn:p-lod:id:concept","Octopus","urn:p-lod:id:animal","http://www.wikidata.org/entity/Q611843"
"urn:p-lod:id:odysseus","urn:p-lod:id:concept","Odysseus","urn:p-lod:id:mythological_figure",""
"urn:p-lod:id:offerant","urn:p-lod:id:concept","","",""
"urn:p-lod:id:offerer","urn:p-lod:id:concept","","",""
"urn:p-lod:id:okeanos","urn:p-lod:id:concept","","",""
"urn:p-lod:id:oleander","urn:p-lod:id:concept","Oleander","",""
"urn:p-lod:id:olympian_deity","urn:p-lod:id:concept","Olympian Deity","urn:p-lod:id:deity","http://www.wikidata.org/entity/Q113103481"
"urn:p-lod:id:olympos","urn:p-lod:id:concept","Olympos","",""
"urn:p-lod:id:olympus","urn:p-lod:id:concept","Olympus","",""
"urn:p-lod:id:omphale","urn:p-lod:id:concept","Omphale","",""
"urn:p-lod:id:omphalos","urn:p-lod:id:concept","Omphalos","",""
"urn:p-lod:id:onion","urn:p-lod:id:concept","","",""
"urn:p-lod:id:opening","urn:p-lod:id:concept","Opening","","http://www.wikidata.org/entity/Q20204151"
"urn:p-lod:id:opus_incertum","urn:p-lod:id:concept","Opus_incertum","","http://www.wikidata.org/entity/Q1326603"
"urn:p-lod:id:opus_quadratum","urn:p-lod:id:concept","Opus_quadratum","","http://www.wikidata.org/entity/Q2631941"
"urn:p-lod:id:opus_sectile","urn:p-lod:id:concept","Opus_sectile","","http://www.wikidata.org/entity/Q641860"
"urn:p-lod:id:orestes","urn:p-lod:id:concept","Orestes","",""
"urn:p-lod:id:ornament__abstract","urn:p-lod:id:concept","","",""
"urn:p-lod:id:ornament__floral","urn:p-lod:id:concept","","",""
"urn:p-lod:id:orpheus","urn:p-lod:id:concept","Orpheus","",""
"urn:p-lod:id:orthostate","urn:p-lod:id:concept","Orthostate","","http://www.wikidata.org/entity/Q2738992"
"urn:p-lod:id:orthostate__narrow","urn:p-lod:id:concept","","",""
"urn:p-lod:id:oscillium","urn:p-lod:id:concept","Oscillium","",""
"urn:p-lod:id:osiris","urn:p-lod:id:concept","","",""
"urn:p-lod:id:oval","urn:p-lod:id:concept","Oval","",""
"urn:p-lod:id:oven","urn:p-lod:id:concept","Oven","","http://www.wikidata.org/entity/Q36539"
"urn:p-lod:id:ovule","urn:p-lod:id:concept","Ovule","",""
"urn:p-lod:id:owl","urn:p-lod:id:concept","Owl","urn:p-lod:id:bird",""
"urn:p-lod:id:oyster","urn:p-lod:id:concept","","",""
"urn:p-lod:id:palestra","urn:p-lod:id:concept","Palestra","",""
"urn:p-lod:id:palla","urn:p-lod:id:concept","Palla","",""
"urn:p-lod:id:pallas","urn:p-lod:id:concept","","",""
"urn:p-lod:id:palm","urn:p-lod:id:concept","Palm","","http://www.wikidata.org/entity/Q2709536"
"urn:p-lod:id:palm-tree","urn:p-lod:id:concept","Palm-tree","urn:p-lod:id:tree",""
"urn:p-lod:id:palmette","urn:p-lod:id:concept","Palmette","","http://www.wikidata.org/entity/Q677655"
"urn:p-lod:id:pan","urn:p-lod:id:concept","Pan","urn:p-lod:id:deity","http://www.wikidata.org/entity/Q132582"
"urn:p-lod:id:pan-pipe","urn:p-lod:id:concept","","",""
"urn:p-lod:id:panel","urn:p-lod:id:concept","Panel","","http://www.wikidata.org/entity/Q98972660"
"urn:p-lod:id:panel_painting","urn:p-lod:id:concept","Panel_painting","",""
"urn:p-lod:id:panther","urn:p-lod:id:concept","Panther","urn:p-lod:id:animal","http://www.wikidata.org/entity/Q659549"
"urn:p-lod:id:parapet","urn:p-lod:id:concept","Parapet","","http://www.wikidata.org/entity/Q1286070"
"urn:p-lod:id:parca","urn:p-lod:id:concept","Parca","",""
"urn:p-lod:id:paris","urn:p-lod:id:concept","Paris","urn:p-lod:id:mythological_figure",""
"urn:p-lod:id:parrot","urn:p-lod:id:concept","Parrot","urn:p-lod:id:bird","http://www.wikidata.org/entity/Q31431"
"urn:p-lod:id:partition","urn:p-lod:id:concept","Partition","","http://www.wikidata.org/entity/Q518554"
"urn:p-lod:id:partridge","urn:p-lod:id:concept","Partridge","urn:p-lod:id:bird","http://www.wikidata.org/entity/Q732775"
"urn:p-lod:id:pasiphae","urn:p-lod:id:concept","Pasiphae","urn:p-lod:id:mythological_figure",""
"urn:p-lod:id:patera","urn:p-lod:id:concept","Patera","","http://www.wikidata.org/entity/Q1109404"
"urn:p-lod:id:pavillion","urn:p-lod:id:concept","Pavillion","","http://www.wikidata.org/entity/Q276173"
"urn:p-lod:id:peacock","urn:p-lod:id:concept","Peacock","urn:p-lod:id:bird","http://www.wikidata.org/entity/Q201251"
"urn:p-lod:id:pear","urn:p-lod:id:concept","Pear","urn:p-lod:id:fruit","http://www.wikidata.org/entity/Q13099586"
"urn:p-lod:id:pearl","urn:p-lod:id:concept","Pearl","",""
"urn:p-lod:id:pedestal","urn:p-lod:id:concept","Pedestal","","http://www.wikidata.org/entity/Q12014132"
"urn:p-lod:id:pediment","urn:p-lod:id:concept","Pediment","","http://www.wikidata.org/entity/Q190996"
"urn:p-lod:id:pediment__half___broken","urn:p-lod:id:concept","","",""
"urn:p-lod:id:pedum","urn:p-lod:id:concept","Pedum","","http://www.wikidata.org/entity/Q3108909"
"urn:p-lod:id:pegasus","urn:p-lod:id:concept","Pegasus","urn:p-lod:id:mythological_creature","http://www.wikidata.org/entity/Q162797"
"urn:p-lod:id:peliades","urn:p-lod:id:concept","","",""
"urn:p-lod:id:pelias","urn:p-lod:id:concept","Pelias","",""
"urn:p-lod:id:pelops___pirithous","urn:p-lod:id:concept","","",""
"urn:p-lod:id:pelta","urn:p-lod:id:concept","Pelta","",""
"urn:p-lod:id:pen","urn:p-lod:id:concept","Pen","","http://www.wikidata.org/entity/Q165447"
"urn:p-lod:id:pendant","urn:p-lod:id:concept","Pendant","",""
"urn:p-lod:id:penelope","urn:p-lod:id:concept","Penelope","urn:p-lod:id:mythological_figure",""
"urn:p-lod:id:penthesilea","urn:p-lod:id:concept","Penthesilea","urn:p-lod:id:mythological_figure",""
"urn:p-lod:id:pentheus","urn:p-lod:id:concept","","",""
"urn:p-lod:id:peplos","urn:p-lod:id:concept","Peplos","",""
"urn:p-lod:id:pergola","urn:p-lod:id:concept","Pergola","","http://www.wikidata.org/entity/Q264458"
"urn:p-lod:id:peristyle","urn:p-lod:id:concept","Peristyle","","http://www.wikidata.org/entity/Q725453"
"urn:p-lod:id:pero","urn:p-lod:id:concept","Pero","",""
"urn:p-lod:id:perseus","urn:p-lod:id:concept","Perseus","urn:p-lod:id:mythological_figure",""
"urn:p-lod:id:petasus","urn:p-lod:id:concept","","",""
"urn:p-lod:id:phaedra","urn:p-lod:id:concept","Phaedra","",""
"urn:p-lod:id:phallus","urn:p-lod:id:concept","Phallus","",""
"urn:p-lod:id:pheonix","urn:p-lod:id:concept","Pheonix","",""
"urn:p-lod:id:philosopher","urn:p-lod:id:concept","Philosopher","urn:p-lod:id:generic_human_figure","http://www.wikidata.org/entity/Q4964182"
"urn:p-lod:id:phoenix","urn:p-lod:id:concept","","",""
"urn:p-lod:id:phoinix","urn:p-lod:id:concept","","",""
"urn:p-lod:id:phrixos","urn:p-lod:id:concept","Phrixos","",""
"urn:p-lod:id:phrixus","urn:p-lod:id:concept","","",""
"urn:p-lod:id:phrygian_cap","urn:p-lod:id:concept","Phrygian_cap","","http://www.wikidata.org/entity/Q213240"
"urn:p-lod:id:phryxus","urn:p-lod:id:concept","","",""
"urn:p-lod:id:piece_of_meat","urn:p-lod:id:concept","","",""
"urn:p-lod:id:pier","urn:p-lod:id:concept","","",""
"urn:p-lod:id:pig","urn:p-lod:id:concept","Pig","urn:p-lod:id:animal","http://www.wikidata.org/entity/Q787"
"urn:p-lod:id:pig's_head","urn:p-lod:id:concept","","",""
"urn:p-lod:id:pigeon","urn:p-lod:id:concept","Pigeon","urn:p-lod:id:bird",""
"urn:p-lod:id:pilaster","urn:p-lod:id:concept","Pilaster","","http://www.wikidata.org/entity/Q175112"
"urn:p-lod:id:pillar","urn:p-lod:id:concept","Pillar","","http://www.wikidata.org/entity/Q29052406"
"urn:p-lod:id:pinax","urn:p-lod:id:concept","Pinax","",""
"urn:p-lod:id:pindar","urn:p-lod:id:concept","Pindar","",""
"urn:p-lod:id:pindaros","urn:p-lod:id:concept","","",""
"urn:p-lod:id:pine_cone","urn:p-lod:id:concept","Pine_cone","",""
"urn:p-lod:id:pitcher","urn:p-lod:id:concept","Pitcher","",""
"urn:p-lod:id:plant","urn:p-lod:id:concept","Plant","",""
"urn:p-lod:id:plaster","urn:p-lod:id:concept","Plaster","","http://www.wikidata.org/entity/Q274988"
"urn:p-lod:id:plate","urn:p-lod:id:concept","Plate","","http://www.wikidata.org/entity/Q57216"
"urn:p-lod:id:plateau","urn:p-lod:id:concept","","",""
"urn:p-lod:id:plectrum","urn:p-lod:id:concept","Plectrum","",""
"urn:p-lod:id:plinth","urn:p-lod:id:concept","Plinth","","http://www.wikidata.org/entity/Q268205"
"urn:p-lod:id:pluteus","urn:p-lod:id:concept","Pluteus","","http://www.wikidata.org/entity/Q3906813"
"urn:p-lod:id:podium","urn:p-lod:id:concept","Podium","","http://www.wikidata.org/entity/Q60142"
"urn:p-lod:id:poet","urn:p-lod:id:concept","Poet","urn:p-lod:id:generic_human_figure","http://www.wikidata.org/entity/Q49757"
"urn:p-lod:id:pole","urn:p-lod:id:concept","Pole","",""
"urn:p-lod:id:poliphemus","urn:p-lod:id:concept","Poliphemus","urn:p-lod:id:mythological_creature",""
"urn:p-lod:id:polyhymnia","urn:p-lod:id:concept","Polyhymnia","",""
"urn:p-lod:id:polynices","urn:p-lod:id:concept","Polynices","",""
"urn:p-lod:id:polyphemos","urn:p-lod:id:concept","Polyphemos","",""
"urn:p-lod:id:polyphemus","urn:p-lod:id:concept","Polyphemus","",""
"urn:p-lod:id:polyxena","urn:p-lod:id:concept","","",""
"urn:p-lod:id:pomegranate","urn:p-lod:id:concept","Pomegranate","urn:p-lod:id:fruit","http://www.wikidata.org/entity/Q13222088"
"urn:p-lod:id:pomegranate_tree","urn:p-lod:id:concept","Pomegranate_tree","",""
"urn:p-lod:id:pool","urn:p-lod:id:concept","Pool","","http://www.wikidata.org/entity/Q3253281"
"urn:p-lod:id:porphyrion_(sultan_chicken)","urn:p-lod:id:concept","Porphyrion_(sultan_chicken)","","http://www.wikidata.org/entity/Q2914903"
"urn:p-lod:id:portrait","urn:p-lod:id:concept","Portrait","","http://www.wikidata.org/entity/Q134307"
"urn:p-lod:id:poseidon","urn:p-lod:id:concept","Poseidon","urn:p-lod:id:olympian_deity","http://www.wikidata.org/entity/Q41127"
"urn:p-lod:id:post","urn:p-lod:id:concept","Post","",""
"urn:p-lod:id:posts","urn:p-lod:id:concept","Posts","","http://www.wikidata.org/entity/Q2180428"
"urn:p-lod:id:pot","urn:p-lod:id:concept","Pot","",""
"urn:p-lod:id:predella","urn:p-lod:id:concept","Predella","","http://www.wikidata.org/entity/Q1411766"
"urn:p-lod:id:preto","urn:p-lod:id:concept","Preto","",""
"urn:p-lod:id:priam","urn:p-lod:id:concept","Priam","urn:p-lod:id:mythological_figure",""
"urn:p-lod:id:priapus","urn:p-lod:id:concept","Priapus","urn:p-lod:id:roman_deity",""
"urn:p-lod:id:priene","urn:p-lod:id:concept","","",""
"urn:p-lod:id:priestess","urn:p-lod:id:concept","Priestess","urn:p-lod:id:generic_human_figure",""
"urn:p-lod:id:prosperina","urn:p-lod:id:concept","","",""
"urn:p-lod:id:protome","urn:p-lod:id:concept","Protome","",""
"urn:p-lod:id:psyche","urn:p-lod:id:concept","Psyche","",""
"urn:p-lod:id:punt-pole","urn:p-lod:id:concept","Punt-pole","","http://www.wikidata.org/entity/Q572738"
"urn:p-lod:id:purse","urn:p-lod:id:concept","","",""
"urn:p-lod:id:pygmy","urn:p-lod:id:concept","Pygmy","","http://www.wikidata.org/entity/Q171927"
"urn:p-lod:id:pylades","urn:p-lod:id:concept","Pylades","",""
"urn:p-lod:id:pyramos","urn:p-lod:id:concept","Pyramos","urn:p-lod:id:mythological_figure",""
"urn:p-lod:id:pyramus","urn:p-lod:id:concept","","",""
"urn:p-lod:id:quiver","urn:p-lod:id:concept","Quiver","",""
"urn:p-lod:id:rabbit","urn:p-lod:id:concept","Rabbit","urn:p-lod:id:animal","http://www.wikidata.org/entity/Q9394"
"urn:p-lod:id:ram","urn:p-lod:id:concept","Ram","urn:p-lod:id:animal",""
"urn:p-lod:id:recess","urn:p-lod:id:concept","Recess","","http://www.wikidata.org/entity/Q176274"
"urn:p-lod:id:rectangle","urn:p-lod:id:concept","Rectangle","","http://www.wikidata.org/entity/Q209"
"urn:p-lod:id:reed","urn:p-lod:id:concept","Reed","",""
"urn:p-lod:id:reflection","urn:p-lod:id:concept","Reflection","",""
"urn:p-lod:id:rhombus","urn:p-lod:id:concept","Rhombus","","http://www.wikidata.org/entity/Q41159"
"urn:p-lod:id:rhyton","urn:p-lod:id:concept","Rhyton","","http://www.wikidata.org/entity/Q828450"
"urn:p-lod:id:ribbon","urn:p-lod:id:concept","Ribbon","","http://www.wikidata.org/entity/Q6918773"
"urn:p-lod:id:ridges","urn:p-lod:id:concept","","",""
"urn:p-lod:id:rim","urn:p-lod:id:concept","Rim","",""
"urn:p-lod:id:ring","urn:p-lod:id:concept","Ring","",""
"urn:p-lod:id:river","urn:p-lod:id:concept","River","","http://www.wikidata.org/entity/Q4022"
"urn:p-lod:id:river_deity","urn:p-lod:id:concept","River deity","urn:p-lod:id:deity",""
"urn:p-lod:id:robe","urn:p-lod:id:concept","Robe","",""
"urn:p-lod:id:rock","urn:p-lod:id:concept","Rock","",""
"urn:p-lod:id:rod","urn:p-lod:id:concept","Rod","",""
"urn:p-lod:id:roller","urn:p-lod:id:concept","Roller","",""
"urn:p-lod:id:roman_deity","urn:p-lod:id:concept","Roman deity","urn:p-lod:id:deity",""
"urn:p-lod:id:rooster","urn:p-lod:id:concept","","",""
"urn:p-lod:id:rope","urn:p-lod:id:concept","Rope","","http://www.wikidata.org/entity/Q31029"
"urn:p-lod:id:rose","urn:p-lod:id:concept","Rose","","http://www.wikidata.org/entity/Q34687"
"urn:p-lod:id:rosetta","urn:p-lod:id:concept","Rosetta","",""
"urn:p-lod:id:rosette","urn:p-lod:id:concept","Rosette","","http://www.wikidata.org/entity/Q753457"
"urn:p-lod:id:rostrum","urn:p-lod:id:concept","","",""
"urn:p-lod:id:roundel","urn:p-lod:id:concept","Roundel","","http://www.wikidata.org/entity/Q115488"
"urn:p-lod:id:rudder","urn:p-lod:id:concept","Rudder","",""
"urn:p-lod:id:runner","urn:p-lod:id:concept","Runner","","http://www.wikidata.org/entity/Q14616728"
"urn:p-lod:id:sacred_object","urn:p-lod:id:concept","","",""
"urn:p-lod:id:sandal","urn:p-lod:id:concept","Sandal","",""
"urn:p-lod:id:sangarios","urn:p-lod:id:concept","Sangarios","",""
"urn:p-lod:id:sangaritide","urn:p-lod:id:concept","Sangaritide","",""
"urn:p-lod:id:sappho","urn:p-lod:id:concept","Sappho","urn:p-lod:id:poet",""
"urn:p-lod:id:sarcophagus","urn:p-lod:id:concept","","",""
"urn:p-lod:id:sarnus","urn:p-lod:id:concept","Sarnus","",""
"urn:p-lod:id:saturn","urn:p-lod:id:concept","Saturn","",""
"urn:p-lod:id:satyr","urn:p-lod:id:concept","Satyr","","http://www.wikidata.org/entity/Q163709"
"urn:p-lod:id:sausage","urn:p-lod:id:concept","Sausage","",""
"urn:p-lod:id:scales","urn:p-lod:id:concept","Scales","","http://www.wikidata.org/entity/Q5454574"
"urn:p-lod:id:scendiletto_(bedside_rug)","urn:p-lod:id:concept","Scendiletto_(bedside_rug)","","http://www.wikidata.org/entity/Q1989643"
"urn:p-lod:id:scepter","urn:p-lod:id:concept","Scepter","",""
"urn:p-lod:id:schola","urn:p-lod:id:concept","Schola","",""
"urn:p-lod:id:scroll","urn:p-lod:id:concept","Scroll","",""
"urn:p-lod:id:sculpture","urn:p-lod:id:concept","Sculpture","","http://www.wikidata.org/entity/Q860861"
"urn:p-lod:id:sea","urn:p-lod:id:concept","Sea","",""
"urn:p-lod:id:sea-_monster","urn:p-lod:id:concept","","",""
"urn:p-lod:id:sea-centaur","urn:p-lod:id:concept","Sea-centaur","","http://www.wikidata.org/entity/Q723865"
"urn:p-lod:id:sea-griffin","urn:p-lod:id:concept","Sea-griffin","",""
"urn:p-lod:id:sea-monster","urn:p-lod:id:concept","","",""
"urn:p-lod:id:sea_battle","urn:p-lod:id:concept","Sea_battle","",""
"urn:p-lod:id:sea_bull","urn:p-lod:id:concept","Sea_bull","","http://www.wikidata.org/entity/Q17033987"
"urn:p-lod:id:sea_monster","urn:p-lod:id:concept","Sea_monster","","http://www.wikidata.org/entity/Q920028"
"urn:p-lod:id:seahorse","urn:p-lod:id:concept","Seahorse","","http://www.wikidata.org/entity/Q74363"
"urn:p-lod:id:seal","urn:p-lod:id:concept","","",""
"urn:p-lod:id:seascape","urn:p-lod:id:concept","Seascape","",""
"urn:p-lod:id:seashell","urn:p-lod:id:concept","Seashell","","http://www.wikidata.org/entity/Q213096"
"urn:p-lod:id:season","urn:p-lod:id:concept","Season","",""
"urn:p-lod:id:selene","urn:p-lod:id:concept","Selene","",""
"urn:p-lod:id:seller","urn:p-lod:id:concept","Seller","","http://www.wikidata.org/entity/Q1762621"
"urn:p-lod:id:semi-aediculum","urn:p-lod:id:concept","Semi-aediculum","","http://www.wikidata.org/entity/Q507286"
"urn:p-lod:id:semi-dome","urn:p-lod:id:concept","Semi-dome","",""
"urn:p-lod:id:semicircle","urn:p-lod:id:concept","Semicircle","","http://www.wikidata.org/entity/Q1133242"
"urn:p-lod:id:serapis","urn:p-lod:id:concept","","",""
"urn:p-lod:id:serpent","urn:p-lod:id:concept","Serpent","","http://www.wikidata.org/entity/Q2102"
"urn:p-lod:id:sheep","urn:p-lod:id:concept","Sheep","urn:p-lod:id:animal",""
"urn:p-lod:id:sheet","urn:p-lod:id:concept","Sheet","","http://www.wikidata.org/entity/Q391788"
"urn:p-lod:id:shelf","urn:p-lod:id:concept","Shelf","","http://www.wikidata.org/entity/Q2637814"
"urn:p-lod:id:shell","urn:p-lod:id:concept","Shell","","http://www.wikidata.org/entity/Q224038"
"urn:p-lod:id:shellfish","urn:p-lod:id:concept","Shellfish","urn:p-lod:id:animal",""
"urn:p-lod:id:shellfish?","urn:p-lod:id:concept","","",""
"urn:p-lod:id:shepherd","urn:p-lod:id:concept","Shepherd","urn:p-lod:id:generic_human_figure",""
"urn:p-lod:id:shepherd's_crook","urn:p-lod:id:concept","","",""
"urn:p-lod:id:shield","urn:p-lod:id:concept","Shield","","http://www.wikidata.org/entity/Q131559"
"urn:p-lod:id:ship's_prow","urn:p-lod:id:concept","","",""
"urn:p-lod:id:ships'_prow","urn:p-lod:id:concept","","",""
"urn:p-lod:id:ships'_rudder","urn:p-lod:id:concept","","",""
"urn:p-lod:id:ships_prow","urn:p-lod:id:concept","Ship's prow","","http://www.wikidata.org/entity/Q4814120"
"urn:p-lod:id:ships_rudder","urn:p-lod:id:concept","Ship's rudder","","http://www.wikidata.org/entity/Q209760"
"urn:p-lod:id:shoe","urn:p-lod:id:concept","Shoe","",""
"urn:p-lod:id:shrimp","urn:p-lod:id:concept","Shrimp","urn:p-lod:id:animal",""
"urn:p-lod:id:shrubs","urn:p-lod:id:concept","Shrubs","",""
"urn:p-lod:id:sickle","urn:p-lod:id:concept","Sickle","",""
"urn:p-lod:id:silenus","urn:p-lod:id:concept","Silenus","urn:p-lod:id:mythological_creature",""
"urn:p-lod:id:siren","urn:p-lod:id:concept","Siren","urn:p-lod:id:mythological_creature",""
"urn:p-lod:id:siringa","urn:p-lod:id:concept","Siringa","",""
"urn:p-lod:id:sistrum","urn:p-lod:id:concept","Sistrum","",""
"urn:p-lod:id:situla","urn:p-lod:id:concept","Situla","",""
"urn:p-lod:id:skeleton","urn:p-lod:id:concept","Skeleton","","http://www.wikidata.org/entity/Q7881"
"urn:p-lod:id:skewer","urn:p-lod:id:concept","","",""
"urn:p-lod:id:skyphos","urn:p-lod:id:concept","Skyphos","",""
"urn:p-lod:id:skyros","urn:p-lod:id:concept","Skyros","","http://www.wikidata.org/entity/Q208566"
"urn:p-lod:id:small_slope","urn:p-lod:id:concept","Small_slope","",""
"urn:p-lod:id:snail","urn:p-lod:id:concept","Snail","","http://www.wikidata.org/entity/Q308841"
"urn:p-lod:id:snake","urn:p-lod:id:concept","Snake","urn:p-lod:id:animal","http://www.wikidata.org/entity/Q2102"
"urn:p-lod:id:socle","urn:p-lod:id:concept","Socle","","http://www.wikidata.org/entity/Q2302116"
"urn:p-lod:id:socrates","urn:p-lod:id:concept","Socrates","urn:p-lod:id:philosopher",""
"urn:p-lod:id:soldier","urn:p-lod:id:concept","Soldier","",""
"urn:p-lod:id:spear","urn:p-lod:id:concept","Spear","urn:p-lod:id:weapon",""
"urn:p-lod:id:spearhead","urn:p-lod:id:concept","Spearhead","",""
"urn:p-lod:id:spes","urn:p-lod:id:concept","Spes","",""
"urn:p-lod:id:sphinx","urn:p-lod:id:concept","Sphinx","urn:p-lod:id:mythological_creature","http://www.wikidata.org/entity/Q151480"
"urn:p-lod:id:spindle","urn:p-lod:id:concept","Spindle","",""
"urn:p-lod:id:spiral","urn:p-lod:id:concept","Spiral","","http://www.wikidata.org/entity/Q189114"
"urn:p-lod:id:spit","urn:p-lod:id:concept","","",""
"urn:p-lod:id:spring","urn:p-lod:id:concept","Spring","",""
"urn:p-lod:id:square","urn:p-lod:id:concept","Square","","http://www.wikidata.org/entity/Q164"
"urn:p-lod:id:stable","urn:p-lod:id:concept","Stable","urn:p-lod:id:architecture","http://www.wikidata.org/entity/Q214252"
"urn:p-lod:id:staff","urn:p-lod:id:concept","Staff","",""
"urn:p-lod:id:stag","urn:p-lod:id:concept","Stag","urn:p-lod:id:animal","http://www.wikidata.org/entity/Q685795"
"urn:p-lod:id:stage","urn:p-lod:id:concept","Stage","urn:p-lod:id:architecture","http://www.wikidata.org/entity/Q194428"
"urn:p-lod:id:stairs","urn:p-lod:id:concept","Stairs","urn:p-lod:id:architecture",""
"urn:p-lod:id:stairway","urn:p-lod:id:concept","Stairway","urn:p-lod:id:architecture",""
"urn:p-lod:id:staple","urn:p-lod:id:concept","Staple","",""
"urn:p-lod:id:star","urn:p-lod:id:concept","Star","",""
"urn:p-lod:id:stars","urn:p-lod:id:concept","Stars","",""
"urn:p-lod:id:statue","urn:p-lod:id:concept","Statue","","http://www.wikidata.org/entity/Q179700"
"urn:p-lod:id:stem","urn:p-lod:id:concept","Stem","","http://www.wikidata.org/entity/Q134267"
"urn:p-lod:id:stenebeia","urn:p-lod:id:concept","Stenebeia","",""
"urn:p-lod:id:stheneboea","urn:p-lod:id:concept","Stheneboea","",""
"urn:p-lod:id:still-life","urn:p-lod:id:concept","Still-life","",""
"urn:p-lod:id:stolla","urn:p-lod:id:concept","Stolla","",""
"urn:p-lod:id:stool","urn:p-lod:id:concept","Stool","urn:p-lod:id:furniture",""
"urn:p-lod:id:stork","urn:p-lod:id:concept","","",""
"urn:p-lod:id:strigil","urn:p-lod:id:concept","Strigil","","http://www.wikidata.org/entity/Q282837"
"urn:p-lod:id:string","urn:p-lod:id:concept","String","",""
"urn:p-lod:id:string_course","urn:p-lod:id:concept","String_course","",""
"urn:p-lod:id:string_course_block","urn:p-lod:id:concept","String_course_block","",""
"urn:p-lod:id:stripe","urn:p-lod:id:concept","Stripe","","http://www.wikidata.org/entity/Q3421342"
"urn:p-lod:id:stucco","urn:p-lod:id:concept","Stucco","","http://www.wikidata.org/entity/Q33526"
"urn:p-lod:id:stylobate","urn:p-lod:id:concept","Stylobate","","http://www.wikidata.org/entity/Q465110"
"urn:p-lod:id:stylopinakion","urn:p-lod:id:concept","Stylopinakion","",""
"urn:p-lod:id:stylus","urn:p-lod:id:concept","Stylus","",""
"urn:p-lod:id:successus","urn:p-lod:id:concept","Successus","",""
"urn:p-lod:id:summer","urn:p-lod:id:concept","Summer","",""
"urn:p-lod:id:sun","urn:p-lod:id:concept","Sun","urn:p-lod:id:celestial_body",""
"urn:p-lod:id:swallow","urn:p-lod:id:concept","Swallow","urn:p-lod:id:bird","http://www.wikidata.org/entity/Q1401371"
"urn:p-lod:id:swan","urn:p-lod:id:concept","Swan","urn:p-lod:id:bird","http://www.wikidata.org/entity/Q34384"
"urn:p-lod:id:swastika","urn:p-lod:id:concept","Swastika","","http://www.wikidata.org/entity/Q45513"
"urn:p-lod:id:sword","urn:p-lod:id:concept","Sword","urn:p-lod:id:weapon",""
"urn:p-lod:id:syringe","urn:p-lod:id:concept","","",""
"urn:p-lod:id:table","urn:p-lod:id:concept","Table","","http://www.wikidata.org/entity/Q14748"
"urn:p-lod:id:tablet","urn:p-lod:id:concept","Tablet","",""
"urn:p-lod:id:tabula_ansata","urn:p-lod:id:concept","Tabula_ansata","",""
"urn:p-lod:id:tambourine","urn:p-lod:id:concept","Tambourine","","http://www.wikidata.org/entity/Q193666"
"urn:p-lod:id:tank","urn:p-lod:id:concept","Tank","","http://www.wikidata.org/entity/Q1756525"
"urn:p-lod:id:tapestry","urn:p-lod:id:concept","","",""
"urn:p-lod:id:tapestry_motif","urn:p-lod:id:concept","","",""
"urn:p-lod:id:tapeworm","urn:p-lod:id:concept","Tapeworm","",""
"urn:p-lod:id:teardrop","urn:p-lod:id:concept","Teardrop","","http://www.wikidata.org/entity/Q185789"
"urn:p-lod:id:telamon","urn:p-lod:id:concept","Telamon","",""
"urn:p-lod:id:telamone","urn:p-lod:id:concept","Telamone","","http://www.wikidata.org/entity/Q756079"
"urn:p-lod:id:telephus","urn:p-lod:id:concept","","",""
"urn:p-lod:id:telmo","urn:p-lod:id:concept","","",""
"urn:p-lod:id:temple","urn:p-lod:id:concept","Temple","urn:p-lod:id:architecture","http://www.wikidata.org/entity/Q44539"
"urn:p-lod:id:tendril","urn:p-lod:id:concept","Tendril","","http://www.wikidata.org/entity/Q165859"
"urn:p-lod:id:tent","urn:p-lod:id:concept","Tent","",""
"urn:p-lod:id:terpsichore","urn:p-lod:id:concept","Terpsichore","",""
"urn:p-lod:id:terra","urn:p-lod:id:concept","","",""
"urn:p-lod:id:tessellation","urn:p-lod:id:concept","Tessellation","","http://www.wikidata.org/entity/Q214856"
"urn:p-lod:id:teti","urn:p-lod:id:concept","Teti","",""
"urn:p-lod:id:tetrapylon","urn:p-lod:id:concept","Tetrapylon","","http://www.wikidata.org/entity/Q492255"
"urn:p-lod:id:thalia","urn:p-lod:id:concept","Thalia","",""
"urn:p-lod:id:theseus","urn:p-lod:id:concept","Theseus","urn:p-lod:id:mythological_figure","http://www.wikidata.org/entity/Q1320718"
"urn:p-lod:id:thetis","urn:p-lod:id:concept","Thetis","",""
"urn:p-lod:id:thisbe","urn:p-lod:id:concept","Thisbe","urn:p-lod:id:mythological_figure",""
"urn:p-lod:id:thoas","urn:p-lod:id:concept","Thoas","",""
"urn:p-lod:id:tholos","urn:p-lod:id:concept","Tholos","",""
"urn:p-lod:id:thoth","urn:p-lod:id:concept","","",""
"urn:p-lod:id:threshold","urn:p-lod:id:concept","Threshold","","http://www.wikidata.org/entity/Q774145"
"urn:p-lod:id:throne","urn:p-lod:id:concept","Throne","","http://www.wikidata.org/entity/Q189233"
"urn:p-lod:id:thrysus","urn:p-lod:id:concept","","",""
"urn:p-lod:id:thunderbolt","urn:p-lod:id:concept","Thunderbolt","","http://www.wikidata.org/entity/Q2794866"
"urn:p-lod:id:thyias","urn:p-lod:id:concept","Thyias","","http://www.wikidata.org/entity/Q949266"
"urn:p-lod:id:thymiaterion","urn:p-lod:id:concept","","",""
"urn:p-lod:id:thyrsus","urn:p-lod:id:concept","Thrysus","","http://www.wikidata.org/entity/Q536850"
"urn:p-lod:id:tibias","urn:p-lod:id:concept","","",""
"urn:p-lod:id:tibicen","urn:p-lod:id:concept","Tibicen","urn:p-lod:id:musician",""
"urn:p-lod:id:tiger","urn:p-lod:id:concept","Tiger","urn:p-lod:id:animal","http://www.wikidata.org/entity/Q19939"
"urn:p-lod:id:tiger's_head","urn:p-lod:id:concept","","",""
"urn:p-lod:id:tigers_head","urn:p-lod:id:concept","Tiger's_head","",""
"urn:p-lod:id:toga","urn:p-lod:id:concept","Toga","",""
"urn:p-lod:id:top","urn:p-lod:id:concept","Top","",""
"urn:p-lod:id:torch","urn:p-lod:id:concept","Torch","","http://www.wikidata.org/entity/Q327954"
"urn:p-lod:id:tortoise","urn:p-lod:id:concept","","",""
"urn:p-lod:id:tower","urn:p-lod:id:concept","Tower","","http://www.wikidata.org/entity/Q12518"
"urn:p-lod:id:traveler","urn:p-lod:id:concept","","",""
"urn:p-lod:id:travertine","urn:p-lod:id:concept","Travertine","","http://www.wikidata.org/entity/Q187156"
"urn:p-lod:id:tray","urn:p-lod:id:concept","Tray","",""
"urn:p-lod:id:tree","urn:p-lod:id:concept","Tree","","http://www.wikidata.org/entity/Q10884"
"urn:p-lod:id:trefoil","urn:p-lod:id:concept","Trefoil","",""
"urn:p-lod:id:triangle","urn:p-lod:id:concept","Triangle","","http://www.wikidata.org/entity/Q19821"
"urn:p-lod:id:triclinium","urn:p-lod:id:concept","","",""
"urn:p-lod:id:trident","urn:p-lod:id:concept","Trident","","http://www.wikidata.org/entity/Q271628"
"urn:p-lod:id:triglyph","urn:p-lod:id:concept","Triglyph","",""
"urn:p-lod:id:tripod","urn:p-lod:id:concept","Tripod","","http://www.wikidata.org/entity/Q683906"
"urn:p-lod:id:triptolemos","urn:p-lod:id:concept","","",""
"urn:p-lod:id:triton","urn:p-lod:id:concept","Triton","","http://www.wikidata.org/entity/Q148030"
"urn:p-lod:id:trochus","urn:p-lod:id:concept","Trochus","",""
"urn:p-lod:id:trojan","urn:p-lod:id:concept","Trojan","",""
"urn:p-lod:id:trophy","urn:p-lod:id:concept","","",""
"urn:p-lod:id:trowel","urn:p-lod:id:concept","","",""
"urn:p-lod:id:troy","urn:p-lod:id:concept","","",""
"urn:p-lod:id:trumpet","urn:p-lod:id:concept","Trumpet","",""
"urn:p-lod:id:trunk","urn:p-lod:id:concept","Trunk","",""
"urn:p-lod:id:tryglyph","urn:p-lod:id:concept","Tryglyph","",""
"urn:p-lod:id:tunic","urn:p-lod:id:concept","Tunic","","http://www.wikidata.org/entity/Q201714"
"urn:p-lod:id:turkey","urn:p-lod:id:concept","","",""
"urn:p-lod:id:tympanum","urn:p-lod:id:concept","Tympanum","","http://www.wikidata.org/entity/Q223209"
"urn:p-lod:id:ulysses","urn:p-lod:id:concept","Ulysses","urn:p-lod:id:mythological_figure",""
"urn:p-lod:id:umbrella_pine","urn:p-lod:id:concept","Umbrella_pine","","http://www.wikidata.org/entity/Q3065538"
"urn:p-lod:id:unknown","urn:p-lod:id:concept","Unknown","",""
"urn:p-lod:id:urania","urn:p-lod:id:concept","Urania","",""
"urn:p-lod:id:ureaus","urn:p-lod:id:concept","Ureaus","",""
"urn:p-lod:id:urn","urn:p-lod:id:concept","Urn","",""
"urn:p-lod:id:vase","urn:p-lod:id:concept","Vase","","http://www.wikidata.org/entity/Q191851"
"urn:p-lod:id:vault","urn:p-lod:id:concept","Vault","","http://www.wikidata.org/entity/Q189771"
"urn:p-lod:id:vegetable","urn:p-lod:id:concept","","",""
"urn:p-lod:id:vegetal_scroll","urn:p-lod:id:concept","Vegetal_scroll","","http://www.wikidata.org/entity/Q106142876"
"urn:p-lod:id:vegtable","urn:p-lod:id:concept","Vegtable","","http://www.wikidata.org/entity/Q11004"
"urn:p-lod:id:veil","urn:p-lod:id:concept","Veil","",""
"urn:p-lod:id:venus","urn:p-lod:id:concept","Venus","",""
"urn:p-lod:id:vermiculatum","urn:p-lod:id:concept","Vermiculatum","","http://www.wikidata.org/entity/Q370670"
"urn:p-lod:id:vessel","urn:p-lod:id:concept","Vessel","","http://www.wikidata.org/entity/Q987767"
"urn:p-lod:id:vesuvius","urn:p-lod:id:concept","","",""
"urn:p-lod:id:viburnum","urn:p-lod:id:concept","Viburnum","","http://www.wikidata.org/entity/Q158492"
"urn:p-lod:id:victory","urn:p-lod:id:concept","Victory","urn:p-lod:id:roman_deity",""
"urn:p-lod:id:vignette","urn:p-lod:id:concept","Vignette","","http://www.wikidata.org/entity/Q1327260"
"urn:p-lod:id:vine","urn:p-lod:id:concept","Vine","","http://www.wikidata.org/entity/Q917284"
"urn:p-lod:id:volute","urn:p-lod:id:concept","Volute","","http://www.wikidata.org/entity/Q218626"
"urn:p-lod:id:vulcan","urn:p-lod:id:concept","Vulcan","urn:p-lod:id:roman_deity",""
"urn:p-lod:id:vulcanus","urn:p-lod:id:concept","","",""
"urn:p-lod:id:vulture","urn:p-lod:id:concept","","",""
"urn:p-lod:id:wagon","urn:p-lod:id:concept","","",""
"urn:p-lod:id:wall","urn:p-lod:id:concept","Wall","","http://www.wikidata.org/entity/Q42948"
"urn:p-lod:id:wand","urn:p-lod:id:concept","Wand","",""
"urn:p-lod:id:warp","urn:p-lod:id:concept","Warp","","http://www.wikidata.org/entity/Q738822"
"urn:p-lod:id:water","urn:p-lod:id:concept","","",""
"urn:p-lod:id:wave-crest","urn:p-lod:id:concept","Wave-crest","","http://www.wikidata.org/entity/Q864673"
"urn:p-lod:id:wayfarer","urn:p-lod:id:concept","","",""
"urn:p-lod:id:weapon","urn:p-lod:id:concept","Weapon","",""
"urn:p-lod:id:wheat","urn:p-lod:id:concept","Wheat","",""
"urn:p-lod:id:wheel","urn:p-lod:id:concept","Wheel","",""
"urn:p-lod:id:whip","urn:p-lod:id:concept","Whip","","http://www.wikidata.org/entity/Q152910"
"urn:p-lod:id:window","urn:p-lod:id:concept","Window","","http://www.wikidata.org/entity/Q35473"
"urn:p-lod:id:window_panel","urn:p-lod:id:concept","Window_panel","","http://www.wikidata.org/entity/Q52711908"
"urn:p-lod:id:wine","urn:p-lod:id:concept","","",""
"urn:p-lod:id:wing","urn:p-lod:id:concept","Wing","",""
"urn:p-lod:id:winged_caryatid_herm","urn:p-lod:id:concept","","",""
"urn:p-lod:id:wings","urn:p-lod:id:concept","Wings","",""
"urn:p-lod:id:winter","urn:p-lod:id:concept","Winter","",""
"urn:p-lod:id:wolf","urn:p-lod:id:concept","Wolf","urn:p-lod:id:animal",""
"urn:p-lod:id:wolf's_teeth","urn:p-lod:id:concept","","",""
"urn:p-lod:id:woman","urn:p-lod:id:concept","Woman","urn:p-lod:id:generic_human_figure","http://www.wikidata.org/entity/Q467"
"urn:p-lod:id:worm","urn:p-lod:id:concept","","",""
"urn:p-lod:id:wreath","urn:p-lod:id:concept","Wreath","","http://www.wikidata.org/entity/Q1201922"
"urn:p-lod:id:wrestler","urn:p-lod:id:concept","Wrestler","","http://www.wikidata.org/entity/Q27978698"
"urn:p-lod:id:writing","urn:p-lod:id:concept","","",""
"urn:p-lod:id:zeus","urn:p-lod:id:concept","Zeus","urn:p-lod:id:olympian_deity","http://www.wikidata.org/entity/Q34201"
"urn:p-lod:id:zeus_ammon","urn:p-lod:id:concept","Zeus_ammon","urn:p-lod:id:deity",""
"urn:p-lod:id:zither","urn:p-lod:id:concept","Zither","",""
